timestamp, utilization.gpu [%], memory.used [MiB], power.draw [W], temperature.gpu
2026/09/06 16:13:13.172, 0 %, 31899 MiB, 29.05 W, 42
2026/09/06 16:13:13.437, 0 %, 31899 MiB, 28.73 W, 42
2026/09/06 16:13:13.687, 0 %, 31899 MiB, 28.73 W, 42
2026/09/06 16:13:13.937, 0 %, 31899 MiB, 28.73 W, 42
2026/09/06 16:13:14.187, 0 %, 31899 MiB, 28.73 W, 42
2026/09/06 16:13:14.438, 0 %, 31899 MiB, 27.44 W, 42
2026/09/06 16:13:14.688, 0 %, 31899 MiB, 27.44 W, 42
2026/09/06 16:13:14.938, 0 %, 31899 MiB, 27.44 W, 42
2026/09/06 16:13:15.188, 0 %, 31899 MiB, 27.44 W, 42
2026/09/06 16:13:15.439, 0 %, 31899 MiB, 27.83 W, 42
2026/09/06 16:13:15.689, 0 %, 31899 MiB, 27.83 W, 42
2026/09/06 16:13:15.939, 0 %, 31899 MiB, 27.83 W, 42
2026/09/06 16:13:16.189, 0 %, 31899 MiB, 27.83 W, 42
2026/09/06 16:13:16.439, 0 %, 31899 MiB, 27.85 W, 42
2026/09/06 16:13:16.690, 0 %, 31899 MiB, 27.85 W, 42
2026/09/06 16:13:16.940, 0 %, 31899 MiB, 27.85 W, 42
2026/09/06 16:13:17.190, 0 %, 31899 MiB, 27.85 W, 42
2026/09/06 16:13:17.440, 0 %, 31899 MiB, 26.84 W, 42
2026/09/06 16:13:17.691, 0 %, 31899 MiB, 26.84 W, 42
2026/09/06 16:13:17.941, 0 %, 31899 MiB, 26.84 W, 42
2026/09/06 16:13:18.191, 0 %, 31899 MiB, 26.84 W, 42
2026/09/06 16:13:18.441, 0 %, 31899 MiB, 26.57 W, 42
2026/09/06 16:13:18.691, 0 %, 31899 MiB, 26.57 W, 42
2026/09/06 16:13:18.942, 0 %, 31899 MiB, 26.57 W, 42
2026/09/06 16:13:19.192, 0 %, 31899 MiB, 26.57 W, 42
2026/09/06 16:13:19.442, 0 %, 31899 MiB, 26.44 W, 41
2026/09/06 16:13:19.692, 0 %, 31899 MiB, 26.44 W, 41
2026/09/06 16:13:19.942, 0 %, 31899 MiB, 26.44 W, 41
2026/09/06 16:13:20.193, 0 %, 31899 MiB, 26.44 W, 41
2026/09/06 16:13:20.446, 0 %, 31899 MiB, 27.56 W, 41
2026/09/06 16:13:20.696, 0 %, 31899 MiB, 27.56 W, 41
2026/09/06 16:13:20.947, 0 %, 31899 MiB, 27.56 W, 41
2026/09/06 16:13:21.197, 0 %, 31899 MiB, 27.56 W, 41
2026/09/06 16:13:21.447, 0 %, 31899 MiB, 27.33 W, 41
2026/09/06 16:13:21.697, 0 %, 31899 MiB, 27.33 W, 41
2026/09/06 16:13:21.947, 0 %, 31899 MiB, 27.33 W, 41
2026/09/06 16:13:22.197, 0 %, 31899 MiB, 27.33 W, 41
2026/09/06 16:13:22.448, 0 %, 31899 MiB, 27.56 W, 41
2026/09/06 16:13:22.698, 0 %, 31899 MiB, 27.56 W, 41
2026/09/06 16:13:22.948, 0 %, 31899 MiB, 27.56 W, 41
2026/09/06 16:13:23.199, 0 %, 31899 MiB, 27.56 W, 41
2026/09/06 16:13:23.449, 0 %, 31899 MiB, 27.85 W, 41
2026/09/06 16:13:23.700, 0 %, 31899 MiB, 27.85 W, 41
2026/09/06 16:13:23.950, 0 %, 31899 MiB, 27.85 W, 41
2026/09/06 16:13:24.200, 0 %, 31899 MiB, 27.85 W, 41
2026/09/06 16:13:24.451, 0 %, 31899 MiB, 26.87 W, 41
2026/09/06 16:13:24.701, 0 %, 31899 MiB, 26.87 W, 41
2026/09/06 16:13:24.951, 0 %, 31899 MiB, 26.87 W, 41
2026/09/06 16:13:25.201, 0 %, 31899 MiB, 26.87 W, 41
2026/09/06 16:13:25.452, 0 %, 31899 MiB, 26.87 W, 41
2026/09/06 16:13:25.702, 0 %, 31899 MiB, 26.87 W, 41
2026/09/06 16:13:25.952, 0 %, 31899 MiB, 26.87 W, 41
2026/09/06 16:13:26.204, 0 %, 31899 MiB, 26.87 W, 41
2026/09/06 16:13:26.454, 0 %, 31899 MiB, 27.42 W, 41
2026/09/06 16:13:26.704, 0 %, 31899 MiB, 27.42 W, 41
2026/09/06 16:13:26.955, 0 %, 31899 MiB, 27.42 W, 41
2026/09/06 16:13:27.205, 0 %, 31899 MiB, 27.42 W, 41
2026/09/06 16:13:27.455, 0 %, 31899 MiB, 27.01 W, 41
2026/09/06 16:13:27.706, 0 %, 31899 MiB, 27.01 W, 41
2026/09/06 16:13:27.956, 0 %, 31899 MiB, 27.01 W, 41
2026/09/06 16:13:28.206, 0 %, 31899 MiB, 27.01 W, 41
2026/09/06 16:13:28.456, 0 %, 31899 MiB, 27.04 W, 41
2026/09/06 16:13:28.707, 0 %, 31899 MiB, 27.04 W, 41
2026/09/06 16:13:28.957, 0 %, 31899 MiB, 27.04 W, 41
2026/09/06 16:13:29.207, 0 %, 31899 MiB, 27.04 W, 41
2026/09/06 16:13:29.457, 0 %, 31899 MiB, 27.44 W, 41
2026/09/06 16:13:29.708, 0 %, 31899 MiB, 27.44 W, 41
2026/09/06 16:13:29.958, 0 %, 31899 MiB, 27.44 W, 41
2026/09/06 16:13:30.208, 0 %, 31899 MiB, 27.44 W, 41
2026/09/06 16:13:30.458, 0 %, 31899 MiB, 27.73 W, 41
2026/09/06 16:13:30.709, 0 %, 31899 MiB, 27.73 W, 41
2026/09/06 16:13:30.959, 0 %, 31899 MiB, 27.73 W, 41
2026/09/06 16:13:31.209, 0 %, 31983 MiB, 27.73 W, 41
2026/09/06 16:13:31.460, 63 %, 31945 MiB, 94.75 W, 45
2026/09/06 16:13:31.710, 63 %, 31945 MiB, 94.75 W, 45
2026/09/06 16:13:31.960, 63 %, 31945 MiB, 94.62 W, 43
2026/09/06 16:13:32.210, 63 %, 31945 MiB, 94.62 W, 43
2026/09/06 16:13:32.461, 0 %, 32017 MiB, 119.28 W, 44
2026/09/06 16:13:32.711, 0 %, 32017 MiB, 119.28 W, 44
2026/09/06 16:13:32.961, 0 %, 32017 MiB, 228.15 W, 47
2026/09/06 16:13:33.211, 0 %, 32017 MiB, 228.15 W, 47
2026/09/06 16:13:33.462, 93 %, 32017 MiB, 357.36 W, 49
2026/09/06 16:13:33.712, 93 %, 32017 MiB, 357.36 W, 49
2026/09/06 16:13:33.962, 93 %, 32017 MiB, 383.95 W, 50
2026/09/06 16:13:34.212, 93 %, 32017 MiB, 383.95 W, 50
2026/09/06 16:13:34.462, 93 %, 32017 MiB, 382.88 W, 50
2026/09/06 16:13:34.713, 93 %, 32017 MiB, 382.88 W, 50
2026/09/06 16:13:34.963, 93 %, 32017 MiB, 363.66 W, 50
2026/09/06 16:13:35.213, 93 %, 32017 MiB, 363.66 W, 50
2026/09/06 16:13:35.463, 93 %, 32017 MiB, 383.02 W, 51
2026/09/06 16:13:35.713, 93 %, 32017 MiB, 383.02 W, 51
2026/09/06 16:13:35.964, 93 %, 32017 MiB, 383.45 W, 51
2026/09/06 16:13:36.214, 93 %, 32017 MiB, 383.45 W, 51
2026/09/06 16:13:36.464, 93 %, 32017 MiB, 375.78 W, 54
2026/09/06 16:13:36.714, 93 %, 32017 MiB, 375.78 W, 54
2026/09/06 16:13:36.964, 93 %, 32017 MiB, 384.27 W, 51
2026/09/06 16:13:37.215, 93 %, 32017 MiB, 384.27 W, 51
2026/09/06 16:13:37.465, 94 %, 32017 MiB, 384.55 W, 51
2026/09/06 16:13:37.715, 94 %, 32017 MiB, 384.55 W, 51
2026/09/06 16:13:37.965, 94 %, 32017 MiB, 365.44 W, 52
2026/09/06 16:13:38.216, 94 %, 32017 MiB, 365.44 W, 52
2026/09/06 16:13:38.466, 93 %, 32017 MiB, 386.48 W, 58
2026/09/06 16:13:38.716, 93 %, 32017 MiB, 386.48 W, 58
2026/09/06 16:13:38.966, 93 %, 32017 MiB, 386.55 W, 52
2026/09/06 16:13:39.216, 93 %, 32017 MiB, 386.55 W, 52
2026/09/06 16:13:39.467, 93 %, 32017 MiB, 386.46 W, 52
2026/09/06 16:13:39.717, 93 %, 32017 MiB, 386.46 W, 52
2026/09/06 16:13:39.967, 93 %, 32017 MiB, 371.23 W, 52
2026/09/06 16:13:40.217, 93 %, 32017 MiB, 371.23 W, 52
2026/09/06 16:13:40.468, 93 %, 32017 MiB, 389.13 W, 52
2026/09/06 16:13:40.718, 93 %, 32017 MiB, 389.13 W, 52
2026/09/06 16:13:40.968, 93 %, 32017 MiB, 384.44 W, 52
2026/09/06 16:13:41.218, 93 %, 32017 MiB, 384.44 W, 52
2026/09/06 16:13:41.468, 94 %, 32017 MiB, 386.98 W, 53
2026/09/06 16:13:41.719, 94 %, 32017 MiB, 386.98 W, 53
2026/09/06 16:13:41.969, 94 %, 32017 MiB, 386.50 W, 53
2026/09/06 16:13:42.219, 94 %, 32017 MiB, 386.50 W, 53
2026/09/06 16:13:42.469, 93 %, 32017 MiB, 366.93 W, 52
2026/09/06 16:13:42.720, 93 %, 32017 MiB, 366.93 W, 52
2026/09/06 16:13:42.970, 93 %, 32017 MiB, 386.75 W, 54
2026/09/06 16:13:43.220, 93 %, 32017 MiB, 386.75 W, 54
2026/09/06 16:13:43.470, 93 %, 32017 MiB, 388.87 W, 53
2026/09/06 16:13:43.720, 93 %, 32017 MiB, 388.87 W, 53
2026/09/06 16:13:43.971, 93 %, 32017 MiB, 367.56 W, 53
2026/09/06 16:13:44.221, 93 %, 32017 MiB, 367.56 W, 53
2026/09/06 16:13:44.471, 93 %, 32017 MiB, 367.78 W, 53
2026/09/06 16:13:44.722, 93 %, 32017 MiB, 367.78 W, 53
2026/09/06 16:13:44.972, 93 %, 32017 MiB, 389.85 W, 54
2026/09/06 16:13:45.222, 93 %, 32017 MiB, 389.85 W, 54
2026/09/06 16:13:45.472, 93 %, 32017 MiB, 386.11 W, 53
2026/09/06 16:13:45.722, 93 %, 32017 MiB, 386.11 W, 53
2026/09/06 16:13:45.973, 93 %, 32017 MiB, 366.49 W, 53
2026/09/06 16:13:46.223, 93 %, 32017 MiB, 366.49 W, 53
2026/09/06 16:13:46.473, 93 %, 32017 MiB, 387.77 W, 54
2026/09/06 16:13:46.723, 93 %, 32017 MiB, 387.77 W, 54
2026/09/06 16:13:46.973, 93 %, 32017 MiB, 387.31 W, 54
2026/09/06 16:13:47.224, 93 %, 32017 MiB, 387.31 W, 54
2026/09/06 16:13:47.474, 93 %, 32017 MiB, 376.59 W, 56
2026/09/06 16:13:47.724, 93 %, 32017 MiB, 376.59 W, 56
2026/09/06 16:13:47.974, 93 %, 32017 MiB, 387.76 W, 54
2026/09/06 16:13:48.224, 93 %, 32017 MiB, 387.76 W, 54
2026/09/06 16:13:48.475, 93 %, 32017 MiB, 407.67 W, 55
2026/09/06 16:13:48.725, 93 %, 32017 MiB, 407.67 W, 55
2026/09/06 16:13:48.975, 93 %, 32017 MiB, 388.46 W, 54
2026/09/06 16:13:49.225, 93 %, 32017 MiB, 388.46 W, 54
2026/09/06 16:13:49.476, 92 %, 32017 MiB, 388.39 W, 58
2026/09/06 16:13:49.726, 92 %, 32017 MiB, 388.39 W, 58
2026/09/06 16:13:49.976, 92 %, 32017 MiB, 390.55 W, 55
2026/09/06 16:13:50.226, 92 %, 32017 MiB, 390.55 W, 55
2026/09/06 16:13:50.476, 94 %, 32017 MiB, 391.15 W, 55
2026/09/06 16:13:50.727, 94 %, 32017 MiB, 391.15 W, 55
2026/09/06 16:13:50.977, 94 %, 32017 MiB, 410.34 W, 61
2026/09/06 16:13:51.227, 94 %, 32017 MiB, 410.34 W, 61
2026/09/06 16:13:51.477, 93 %, 32017 MiB, 391.05 W, 55
2026/09/06 16:13:51.728, 93 %, 32017 MiB, 391.05 W, 55
2026/09/06 16:13:51.978, 93 %, 32017 MiB, 372.12 W, 55
2026/09/06 16:13:52.228, 93 %, 32017 MiB, 372.12 W, 55
2026/09/06 16:13:52.479, 93 %, 32017 MiB, 389.68 W, 55
2026/09/06 16:13:52.729, 93 %, 32017 MiB, 389.68 W, 55
2026/09/06 16:13:52.979, 93 %, 32017 MiB, 389.74 W, 55
2026/09/06 16:13:53.230, 93 %, 32017 MiB, 389.74 W, 55
2026/09/06 16:13:53.480, 93 %, 32017 MiB, 370.07 W, 55
2026/09/06 16:13:53.730, 93 %, 32017 MiB, 370.07 W, 55
2026/09/06 16:13:53.980, 93 %, 32017 MiB, 370.03 W, 55
2026/09/06 16:13:54.231, 93 %, 32017 MiB, 370.03 W, 55
2026/09/06 16:13:54.481, 0 %, 32017 MiB, 277.60 W, 50
2026/09/06 16:13:54.731, 0 %, 32017 MiB, 277.60 W, 50
2026/09/06 16:13:54.981, 0 %, 32017 MiB, 141.54 W, 50
2026/09/06 16:13:55.232, 0 %, 32017 MiB, 141.54 W, 50
2026/09/06 16:13:55.482, 0 %, 32017 MiB, 97.68 W, 49
2026/09/06 16:13:55.732, 0 %, 32017 MiB, 97.68 W, 49
2026/09/06 16:13:55.983, 0 %, 32017 MiB, 95.72 W, 49
2026/09/06 16:13:56.233, 0 %, 32017 MiB, 95.72 W, 49
2026/09/06 16:13:56.483, 0 %, 32017 MiB, 83.93 W, 48
2026/09/06 16:13:56.733, 0 %, 32017 MiB, 83.93 W, 48
2026/09/06 16:13:56.984, 0 %, 32017 MiB, 72.02 W, 48
2026/09/06 16:13:57.234, 0 %, 32017 MiB, 72.02 W, 48
2026/09/06 16:13:57.484, 0 %, 32017 MiB, 71.89 W, 48
2026/09/06 16:13:57.734, 0 %, 32017 MiB, 71.89 W, 48
2026/09/06 16:13:57.984, 0 %, 32017 MiB, 71.56 W, 48
2026/09/06 16:13:58.235, 0 %, 32017 MiB, 71.56 W, 48
2026/09/06 16:13:58.485, 0 %, 32017 MiB, 71.53 W, 48
2026/09/06 16:13:58.735, 0 %, 32017 MiB, 71.53 W, 48
2026/09/06 16:13:58.985, 0 %, 32017 MiB, 71.46 W, 48
2026/09/06 16:13:59.236, 0 %, 32017 MiB, 71.46 W, 48
2026/09/06 16:13:59.486, 0 %, 32017 MiB, 71.19 W, 48
2026/09/06 16:13:59.736, 0 %, 32017 MiB, 71.19 W, 48
2026/09/06 16:13:59.986, 0 %, 32017 MiB, 71.11 W, 47
2026/09/06 16:14:00.236, 0 %, 32017 MiB, 71.11 W, 47
2026/09/06 16:14:00.487, 0 %, 32017 MiB, 71.10 W, 47
2026/09/06 16:14:00.737, 0 %, 32017 MiB, 71.10 W, 47
2026/09/06 16:14:00.987, 0 %, 32017 MiB, 70.92 W, 47
2026/09/06 16:14:01.237, 0 %, 32017 MiB, 70.92 W, 47
2026/09/06 16:14:01.487, 0 %, 32017 MiB, 70.71 W, 47
2026/09/06 16:14:01.738, 0 %, 32017 MiB, 70.71 W, 47
2026/09/06 16:14:01.988, 0 %, 32017 MiB, 70.75 W, 47
2026/09/06 16:14:02.238, 0 %, 32017 MiB, 70.75 W, 47
2026/09/06 16:14:02.489, 0 %, 32017 MiB, 71.09 W, 47
2026/09/06 16:14:02.739, 0 %, 32017 MiB, 71.09 W, 47
2026/09/06 16:14:02.989, 0 %, 32017 MiB, 71.06 W, 47
2026/09/06 16:14:03.240, 0 %, 32017 MiB, 71.06 W, 47
2026/09/06 16:14:03.490, 0 %, 32017 MiB, 70.85 W, 47
2026/09/06 16:14:03.740, 0 %, 32017 MiB, 70.85 W, 47
2026/09/06 16:14:03.990, 0 %, 32017 MiB, 70.47 W, 47
2026/09/06 16:14:04.241, 0 %, 32017 MiB, 70.47 W, 47
2026/09/06 16:14:04.491, 0 %, 32017 MiB, 70.34 W, 47
2026/09/06 16:14:04.741, 0 %, 32017 MiB, 70.34 W, 47
2026/09/06 16:14:04.991, 0 %, 32017 MiB, 70.40 W, 47
2026/09/06 16:14:05.242, 0 %, 32017 MiB, 70.40 W, 47
2026/09/06 16:14:05.493, 0 %, 32017 MiB, 70.26 W, 47
2026/09/06 16:14:05.743, 0 %, 32017 MiB, 70.26 W, 47
2026/09/06 16:14:05.994, 0 %, 32017 MiB, 70.52 W, 47
2026/09/06 16:14:06.244, 0 %, 32017 MiB, 70.52 W, 47
2026/09/06 16:14:06.494, 0 %, 32017 MiB, 70.73 W, 47
2026/09/06 16:14:06.744, 0 %, 32017 MiB, 70.73 W, 47
2026/09/06 16:14:06.995, 0 %, 32017 MiB, 70.62 W, 47
2026/09/06 16:14:07.245, 0 %, 32017 MiB, 70.62 W, 47
2026/09/06 16:14:07.495, 0 %, 32017 MiB, 70.60 W, 46
2026/09/06 16:14:07.745, 0 %, 32017 MiB, 70.60 W, 46
2026/09/06 16:14:07.996, 0 %, 32017 MiB, 70.60 W, 46
2026/09/06 16:14:08.246, 0 %, 32017 MiB, 70.60 W, 46
2026/09/06 16:14:08.496, 0 %, 32017 MiB, 70.57 W, 46
2026/09/06 16:14:08.746, 0 %, 32017 MiB, 70.57 W, 46
2026/09/06 16:14:08.999, 0 %, 32017 MiB, 70.41 W, 46
2026/09/06 16:14:09.251, 0 %, 32017 MiB, 70.41 W, 46
2026/09/06 16:14:09.501, 0 %, 32017 MiB, 70.29 W, 46
2026/09/06 16:14:09.751, 0 %, 32017 MiB, 70.29 W, 46
2026/09/06 16:14:10.001, 0 %, 32017 MiB, 70.13 W, 46
2026/09/06 16:14:10.251, 0 %, 32017 MiB, 70.13 W, 46
2026/09/06 16:14:10.502, 0 %, 32017 MiB, 69.90 W, 46
2026/09/06 16:14:10.752, 0 %, 32017 MiB, 69.90 W, 46
2026/09/06 16:14:11.002, 0 %, 32017 MiB, 69.68 W, 46
2026/09/06 16:14:11.253, 0 %, 32017 MiB, 69.68 W, 46
2026/09/06 16:14:11.503, 0 %, 32017 MiB, 57.82 W, 45
2026/09/06 16:14:11.755, 0 %, 32017 MiB, 57.82 W, 45
2026/09/06 16:14:12.005, 0 %, 32017 MiB, 42.41 W, 45
2026/09/06 16:14:12.256, 0 %, 32017 MiB, 42.41 W, 45
2026/09/06 16:14:12.506, 0 %, 32017 MiB, 38.74 W, 45
2026/09/06 16:14:12.756, 0 %, 32017 MiB, 38.74 W, 45
2026/09/06 16:14:13.006, 0 %, 32017 MiB, 38.74 W, 45
2026/09/06 16:14:13.256, 0 %, 32017 MiB, 38.74 W, 45
2026/09/06 16:14:13.507, 0 %, 32017 MiB, 34.67 W, 45
2026/09/06 16:14:13.757, 0 %, 32017 MiB, 34.67 W, 45
2026/09/06 16:14:14.007, 0 %, 32017 MiB, 34.67 W, 45
2026/09/06 16:14:14.257, 0 %, 32017 MiB, 34.67 W, 45
2026/09/06 16:14:14.507, 0 %, 32017 MiB, 33.01 W, 45
2026/09/06 16:14:14.758, 0 %, 32017 MiB, 33.01 W, 45
2026/09/06 16:14:15.008, 0 %, 32017 MiB, 33.01 W, 45
2026/09/06 16:14:15.258, 0 %, 32017 MiB, 33.01 W, 45
2026/09/06 16:14:15.508, 0 %, 32017 MiB, 29.47 W, 44
2026/09/06 16:14:15.759, 0 %, 32017 MiB, 29.47 W, 44
2026/09/06 16:14:16.009, 0 %, 32017 MiB, 113.01 W, 59
2026/09/06 16:14:16.260, 0 %, 32017 MiB, 113.01 W, 59
2026/09/06 16:14:16.510, 96 %, 32017 MiB, 335.93 W, 61
2026/09/06 16:14:16.760, 96 %, 31945 MiB, 335.93 W, 61
2026/09/06 16:14:17.010, 96 %, 31945 MiB, 419.68 W, 48
2026/09/06 16:14:17.261, 96 %, 31945 MiB, 419.68 W, 48
2026/09/06 16:14:17.511, 0 %, 31945 MiB, 166.31 W, 47
2026/09/06 16:14:17.761, 0 %, 32017 MiB, 166.31 W, 47
2026/09/06 16:14:18.011, 0 %, 32017 MiB, 195.47 W, 59
2026/09/06 16:14:18.262, 0 %, 32017 MiB, 195.47 W, 59
2026/09/06 16:14:18.512, 95 %, 32017 MiB, 431.93 W, 61
2026/09/06 16:14:18.762, 95 %, 32017 MiB, 431.93 W, 61
2026/09/06 16:14:19.012, 95 %, 32017 MiB, 497.83 W, 54
2026/09/06 16:14:19.263, 95 %, 32017 MiB, 497.83 W, 54
2026/09/06 16:14:19.513, 93 %, 32017 MiB, 387.63 W, 53
2026/09/06 16:14:19.763, 93 %, 32017 MiB, 387.63 W, 53
2026/09/06 16:14:20.014, 93 %, 32017 MiB, 369.05 W, 53
2026/09/06 16:14:20.265, 93 %, 32017 MiB, 369.05 W, 53
2026/09/06 16:14:20.515, 93 %, 32017 MiB, 369.06 W, 54
2026/09/06 16:14:20.765, 93 %, 32017 MiB, 369.06 W, 54
2026/09/06 16:14:21.015, 93 %, 32017 MiB, 368.85 W, 53
2026/09/06 16:14:21.265, 93 %, 32017 MiB, 368.85 W, 53
2026/09/06 16:14:21.516, 93 %, 32017 MiB, 368.89 W, 54
2026/09/06 16:14:21.766, 93 %, 32017 MiB, 368.89 W, 54
2026/09/06 16:14:22.016, 93 %, 32017 MiB, 369.03 W, 54
2026/09/06 16:14:22.266, 93 %, 32017 MiB, 369.03 W, 54
2026/09/06 16:14:22.516, 93 %, 32017 MiB, 369.55 W, 54
2026/09/06 16:14:22.767, 93 %, 32017 MiB, 369.55 W, 54
2026/09/06 16:14:23.017, 93 %, 32017 MiB, 369.75 W, 54
2026/09/06 16:14:23.267, 93 %, 32017 MiB, 369.75 W, 54
2026/09/06 16:14:23.517, 95 %, 32017 MiB, 390.84 W, 59
2026/09/06 16:14:23.767, 95 %, 32017 MiB, 390.84 W, 59
2026/09/06 16:14:24.018, 95 %, 32017 MiB, 482.17 W, 62
2026/09/06 16:14:24.268, 95 %, 32017 MiB, 482.17 W, 62
2026/09/06 16:14:24.518, 93 %, 32017 MiB, 504.20 W, 55
2026/09/06 16:14:24.768, 93 %, 32017 MiB, 504.20 W, 55
2026/09/06 16:14:25.019, 93 %, 32017 MiB, 417.56 W, 55
2026/09/06 16:14:25.269, 93 %, 32017 MiB, 417.56 W, 55
2026/09/06 16:14:25.519, 94 %, 32017 MiB, 371.43 W, 55
2026/09/06 16:14:25.769, 94 %, 32017 MiB, 371.43 W, 55
2026/09/06 16:14:26.019, 94 %, 32017 MiB, 370.62 W, 55
2026/09/06 16:14:26.270, 94 %, 32017 MiB, 370.62 W, 55
2026/09/06 16:14:26.522, 93 %, 32017 MiB, 370.57 W, 55
2026/09/06 16:14:26.772, 93 %, 32017 MiB, 370.57 W, 55
2026/09/06 16:14:27.022, 93 %, 32017 MiB, 379.96 W, 60
2026/09/06 16:14:27.272, 93 %, 32017 MiB, 379.96 W, 60
2026/09/06 16:14:27.522, 95 %, 32017 MiB, 472.72 W, 64
2026/09/06 16:14:27.773, 95 %, 32017 MiB, 472.72 W, 64
2026/09/06 16:14:28.023, 95 %, 32017 MiB, 512.27 W, 56
2026/09/06 16:14:28.273, 95 %, 32017 MiB, 512.27 W, 56
2026/09/06 16:14:28.523, 94 %, 32017 MiB, 428.01 W, 56
2026/09/06 16:14:28.774, 94 %, 32017 MiB, 428.01 W, 56
2026/09/06 16:14:29.024, 94 %, 32017 MiB, 371.92 W, 56
2026/09/06 16:14:29.274, 94 %, 32017 MiB, 371.92 W, 56
2026/09/06 16:14:29.524, 93 %, 32017 MiB, 372.29 W, 56
2026/09/06 16:14:29.775, 93 %, 32017 MiB, 372.29 W, 56
2026/09/06 16:14:30.025, 93 %, 32017 MiB, 372.30 W, 56
2026/09/06 16:14:30.275, 93 %, 32017 MiB, 372.30 W, 56
2026/09/06 16:14:30.525, 94 %, 32017 MiB, 371.94 W, 56
2026/09/06 16:14:30.776, 94 %, 32017 MiB, 371.94 W, 56
2026/09/06 16:14:31.026, 94 %, 32017 MiB, 372.31 W, 56
2026/09/06 16:14:31.276, 94 %, 32017 MiB, 372.31 W, 56
2026/09/06 16:14:31.526, 93 %, 32017 MiB, 372.46 W, 56
2026/09/06 16:14:31.777, 93 %, 32017 MiB, 372.46 W, 56
2026/09/06 16:14:32.027, 93 %, 32017 MiB, 372.71 W, 56
2026/09/06 16:14:32.278, 93 %, 32017 MiB, 372.71 W, 56
2026/09/06 16:14:32.528, 94 %, 32017 MiB, 372.92 W, 56
2026/09/06 16:14:32.778, 94 %, 32017 MiB, 372.92 W, 56
2026/09/06 16:14:33.028, 94 %, 32017 MiB, 435.39 W, 64
2026/09/06 16:14:33.279, 94 %, 32017 MiB, 435.39 W, 64
2026/09/06 16:14:33.529, 94 %, 32017 MiB, 512.09 W, 60
2026/09/06 16:14:33.779, 94 %, 32017 MiB, 512.09 W, 60
2026/09/06 16:14:34.029, 94 %, 32017 MiB, 458.54 W, 57
2026/09/06 16:14:34.279, 94 %, 32017 MiB, 458.54 W, 57
2026/09/06 16:14:34.530, 93 %, 32017 MiB, 380.16 W, 57
2026/09/06 16:14:34.780, 93 %, 32017 MiB, 380.16 W, 57
2026/09/06 16:14:35.030, 93 %, 32017 MiB, 373.59 W, 57
2026/09/06 16:14:35.281, 93 %, 32017 MiB, 373.59 W, 57
2026/09/06 16:14:35.531, 93 %, 32017 MiB, 373.72 W, 57
2026/09/06 16:14:35.781, 93 %, 32017 MiB, 373.72 W, 57
2026/09/06 16:14:36.031, 93 %, 32017 MiB, 373.71 W, 57
2026/09/06 16:14:36.282, 93 %, 32017 MiB, 373.71 W, 57
2026/09/06 16:14:36.532, 93 %, 32017 MiB, 374.10 W, 57
2026/09/06 16:14:36.782, 93 %, 32017 MiB, 374.10 W, 57
2026/09/06 16:14:37.032, 93 %, 32017 MiB, 374.38 W, 57
2026/09/06 16:14:37.282, 93 %, 32017 MiB, 374.38 W, 57
2026/09/06 16:14:37.533, 93 %, 32017 MiB, 373.80 W, 57
2026/09/06 16:14:37.783, 93 %, 32017 MiB, 373.80 W, 57
2026/09/06 16:14:38.033, 93 %, 32017 MiB, 373.79 W, 57
2026/09/06 16:14:38.283, 93 %, 32017 MiB, 373.79 W, 57
2026/09/06 16:14:38.534, 93 %, 32017 MiB, 374.49 W, 57
2026/09/06 16:14:38.784, 93 %, 32017 MiB, 374.49 W, 57
2026/09/06 16:14:39.034, 93 %, 32017 MiB, 374.68 W, 57
2026/09/06 16:14:39.284, 93 %, 32017 MiB, 374.68 W, 57
2026/09/06 16:14:39.535, 94 %, 32017 MiB, 374.61 W, 58
2026/09/06 16:14:39.785, 94 %, 32017 MiB, 374.61 W, 58
2026/09/06 16:14:40.035, 94 %, 32017 MiB, 374.76 W, 58
2026/09/06 16:14:40.285, 94 %, 32017 MiB, 374.76 W, 58
2026/09/06 16:14:40.535, 93 %, 32017 MiB, 374.82 W, 58
2026/09/06 16:14:40.786, 93 %, 32017 MiB, 374.82 W, 58
2026/09/06 16:14:41.036, 93 %, 32017 MiB, 375.21 W, 58
2026/09/06 16:14:41.286, 93 %, 32017 MiB, 375.21 W, 58
2026/09/06 16:14:41.536, 95 %, 32017 MiB, 397.14 W, 65
2026/09/06 16:14:41.786, 95 %, 32017 MiB, 397.14 W, 65
2026/09/06 16:14:42.037, 95 %, 32017 MiB, 485.28 W, 66
2026/09/06 16:14:42.287, 95 %, 32017 MiB, 485.28 W, 66
2026/09/06 16:14:42.537, 93 %, 32017 MiB, 511.42 W, 59
2026/09/06 16:14:42.787, 93 %, 32017 MiB, 511.42 W, 59
2026/09/06 16:14:43.037, 93 %, 32017 MiB, 417.06 W, 59
2026/09/06 16:14:43.288, 93 %, 32017 MiB, 417.06 W, 59
2026/09/06 16:14:43.538, 93 %, 32017 MiB, 375.82 W, 59
2026/09/06 16:14:43.788, 93 %, 32017 MiB, 375.82 W, 59
2026/09/06 16:14:44.038, 93 %, 32017 MiB, 375.73 W, 58
2026/09/06 16:14:44.288, 93 %, 32017 MiB, 375.73 W, 58
2026/09/06 16:14:44.539, 93 %, 32017 MiB, 373.98 W, 59
2026/09/06 16:14:44.789, 93 %, 32017 MiB, 373.98 W, 59
2026/09/06 16:14:45.039, 93 %, 32017 MiB, 374.20 W, 59
2026/09/06 16:14:45.289, 93 %, 32017 MiB, 374.20 W, 59
2026/09/06 16:14:45.544, 93 %, 32017 MiB, 376.23 W, 59
2026/09/06 16:14:45.794, 93 %, 32017 MiB, 376.23 W, 59
2026/09/06 16:14:46.044, 93 %, 32017 MiB, 376.22 W, 59
2026/09/06 16:14:46.294, 93 %, 32017 MiB, 376.22 W, 59
2026/09/06 16:14:46.544, 93 %, 32017 MiB, 376.31 W, 59
2026/09/06 16:14:46.795, 93 %, 32017 MiB, 376.31 W, 59
2026/09/06 16:14:47.045, 93 %, 32017 MiB, 376.11 W, 59
2026/09/06 16:14:47.295, 93 %, 32017 MiB, 376.11 W, 59
2026/09/06 16:14:47.545, 93 %, 32017 MiB, 376.35 W, 59
2026/09/06 16:14:47.796, 93 %, 32017 MiB, 376.35 W, 59
2026/09/06 16:14:48.046, 93 %, 32017 MiB, 376.53 W, 59
2026/09/06 16:14:48.296, 93 %, 32017 MiB, 376.53 W, 59
2026/09/06 16:14:48.547, 96 %, 32017 MiB, 466.23 W, 67
2026/09/06 16:14:48.797, 96 %, 32017 MiB, 466.23 W, 67
2026/09/06 16:14:49.047, 96 %, 32017 MiB, 515.13 W, 61
2026/09/06 16:14:49.297, 96 %, 32017 MiB, 515.13 W, 61
2026/09/06 16:14:49.548, 93 %, 32017 MiB, 451.98 W, 60
2026/09/06 16:14:49.798, 93 %, 32017 MiB, 451.98 W, 60
2026/09/06 16:14:50.048, 93 %, 32017 MiB, 377.71 W, 60
2026/09/06 16:14:50.299, 93 %, 32017 MiB, 377.71 W, 60
2026/09/06 16:14:50.549, 94 %, 32017 MiB, 376.98 W, 60
2026/09/06 16:14:50.799, 94 %, 32017 MiB, 376.98 W, 60
2026/09/06 16:14:51.050, 94 %, 32017 MiB, 376.95 W, 60
2026/09/06 16:14:51.300, 94 %, 32017 MiB, 376.95 W, 60
2026/09/06 16:14:51.550, 93 %, 32017 MiB, 376.81 W, 60
2026/09/06 16:14:51.800, 93 %, 32017 MiB, 376.81 W, 60
2026/09/06 16:14:52.051, 93 %, 32017 MiB, 377.31 W, 60
2026/09/06 16:14:52.301, 93 %, 32017 MiB, 377.31 W, 60
2026/09/06 16:14:52.551, 93 %, 32017 MiB, 379.31 W, 60
2026/09/06 16:14:52.802, 93 %, 32017 MiB, 379.31 W, 60
2026/09/06 16:14:53.052, 93 %, 32017 MiB, 381.38 W, 60
2026/09/06 16:14:53.302, 93 %, 32017 MiB, 381.38 W, 60
2026/09/06 16:14:53.553, 93 %, 32017 MiB, 382.11 W, 60
2026/09/06 16:14:53.803, 93 %, 32017 MiB, 382.11 W, 60
2026/09/06 16:14:54.053, 93 %, 32017 MiB, 433.23 W, 68
2026/09/06 16:14:54.304, 93 %, 32017 MiB, 433.23 W, 68
2026/09/06 16:14:54.554, 97 %, 32017 MiB, 517.68 W, 68
2026/09/06 16:14:54.804, 97 %, 32017 MiB, 517.68 W, 68
2026/09/06 16:14:55.055, 97 %, 32017 MiB, 474.41 W, 61
2026/09/06 16:14:55.305, 97 %, 32017 MiB, 474.41 W, 61
2026/09/06 16:14:55.555, 93 %, 32017 MiB, 379.80 W, 61
2026/09/06 16:14:55.805, 93 %, 32017 MiB, 379.80 W, 61
2026/09/06 16:14:56.056, 93 %, 32017 MiB, 378.90 W, 61
2026/09/06 16:14:56.306, 93 %, 32017 MiB, 378.90 W, 61
2026/09/06 16:14:56.556, 93 %, 32017 MiB, 378.53 W, 61
2026/09/06 16:14:56.806, 93 %, 32017 MiB, 378.53 W, 61
2026/09/06 16:14:57.056, 93 %, 32017 MiB, 378.04 W, 61
2026/09/06 16:14:57.307, 93 %, 32017 MiB, 378.04 W, 61
2026/09/06 16:14:57.557, 93 %, 32017 MiB, 378.21 W, 61
2026/09/06 16:14:57.807, 93 %, 32017 MiB, 378.21 W, 61
2026/09/06 16:14:58.057, 93 %, 32017 MiB, 378.17 W, 61
2026/09/06 16:14:58.308, 93 %, 32017 MiB, 378.17 W, 61
2026/09/06 16:14:58.558, 93 %, 32017 MiB, 378.17 W, 61
2026/09/06 16:14:58.808, 93 %, 32017 MiB, 378.17 W, 61
2026/09/06 16:14:59.058, 93 %, 32017 MiB, 378.54 W, 61
2026/09/06 16:14:59.308, 93 %, 32017 MiB, 378.54 W, 61
2026/09/06 16:14:59.559, 93 %, 32017 MiB, 379.04 W, 61
2026/09/06 16:14:59.809, 93 %, 32017 MiB, 379.04 W, 61
2026/09/06 16:15:00.059, 93 %, 32017 MiB, 378.64 W, 61
2026/09/06 16:15:00.309, 93 %, 32017 MiB, 378.64 W, 61
2026/09/06 16:15:00.559, 93 %, 32017 MiB, 378.66 W, 61
2026/09/06 16:15:00.812, 93 %, 32017 MiB, 378.66 W, 61
2026/09/06 16:15:01.062, 93 %, 32017 MiB, 391.01 W, 68
2026/09/06 16:15:01.312, 93 %, 32017 MiB, 391.01 W, 68
2026/09/06 16:15:01.562, 95 %, 32017 MiB, 481.78 W, 69
2026/09/06 16:15:01.813, 95 %, 32017 MiB, 481.78 W, 69
2026/09/06 16:15:02.063, 95 %, 32017 MiB, 513.72 W, 62
2026/09/06 16:15:02.313, 95 %, 32017 MiB, 513.72 W, 62
2026/09/06 16:15:02.565, 93 %, 32017 MiB, 414.22 W, 62
2026/09/06 16:15:02.816, 93 %, 32017 MiB, 414.22 W, 62
2026/09/06 16:15:03.066, 93 %, 32017 MiB, 379.48 W, 61
2026/09/06 16:15:03.316, 93 %, 32017 MiB, 379.48 W, 61
2026/09/06 16:15:03.567, 93 %, 32017 MiB, 378.95 W, 62
2026/09/06 16:15:03.817, 93 %, 32017 MiB, 378.95 W, 62
2026/09/06 16:15:04.067, 93 %, 32017 MiB, 378.61 W, 62
2026/09/06 16:15:04.317, 93 %, 32017 MiB, 378.61 W, 62
2026/09/06 16:15:04.567, 93 %, 32017 MiB, 379.01 W, 62
2026/09/06 16:15:04.818, 93 %, 32017 MiB, 379.01 W, 62
2026/09/06 16:15:05.068, 93 %, 32017 MiB, 378.28 W, 62
2026/09/06 16:15:05.318, 93 %, 32017 MiB, 378.28 W, 62
2026/09/06 16:15:05.568, 93 %, 32017 MiB, 377.77 W, 62
2026/09/06 16:15:05.819, 93 %, 32017 MiB, 377.77 W, 62
2026/09/06 16:15:06.069, 93 %, 32017 MiB, 378.33 W, 62
2026/09/06 16:15:06.319, 93 %, 32017 MiB, 378.33 W, 62
2026/09/06 16:15:06.569, 94 %, 32017 MiB, 378.36 W, 62
2026/09/06 16:15:06.820, 94 %, 32017 MiB, 378.36 W, 62
2026/09/06 16:15:07.070, 94 %, 32017 MiB, 378.43 W, 62
2026/09/06 16:15:07.320, 94 %, 32017 MiB, 378.43 W, 62
2026/09/06 16:15:07.570, 93 %, 32017 MiB, 378.44 W, 62
2026/09/06 16:15:07.821, 93 %, 32017 MiB, 378.44 W, 62
2026/09/06 16:15:08.071, 93 %, 32017 MiB, 371.16 W, 62
2026/09/06 16:15:08.321, 93 %, 32017 MiB, 371.16 W, 62
2026/09/06 16:15:08.572, 0 %, 32017 MiB, 233.43 W, 56
2026/09/06 16:15:08.822, 0 %, 32017 MiB, 233.43 W, 56
2026/09/06 16:15:09.072, 0 %, 32017 MiB, 102.80 W, 56
2026/09/06 16:15:09.323, 0 %, 32017 MiB, 102.80 W, 56
2026/09/06 16:15:09.573, 0 %, 32017 MiB, 101.48 W, 56
2026/09/06 16:15:09.823, 0 %, 32017 MiB, 101.48 W, 56
2026/09/06 16:15:10.073, 0 %, 32017 MiB, 94.24 W, 55
2026/09/06 16:15:10.324, 0 %, 32017 MiB, 94.24 W, 55
2026/09/06 16:15:10.574, 0 %, 32017 MiB, 82.83 W, 54
2026/09/06 16:15:10.824, 0 %, 32017 MiB, 82.83 W, 54
2026/09/06 16:15:11.074, 0 %, 32017 MiB, 75.93 W, 54
2026/09/06 16:15:11.325, 0 %, 32017 MiB, 75.93 W, 54
