timestamp, utilization.gpu [%], memory.used [MiB], power.draw [W], temperature.gpu, clocks.current.sm [MHz], clocks.current.memory [MHz]
2026/09/06 16:30:08.361, 0 %, 27997 MiB, 28.71 W, 48, 180 MHz, 405 MHz
2026/09/06 16:30:08.641, 0 %, 27997 MiB, 29.89 W, 48, 180 MHz, 405 MHz
2026/09/06 16:30:08.891, 0 %, 27997 MiB, 29.89 W, 48, 180 MHz, 405 MHz
2026/09/06 16:30:09.142, 0 %, 27997 MiB, 29.89 W, 48, 180 MHz, 405 MHz
2026/09/06 16:30:09.392, 0 %, 27997 MiB, 29.89 W, 48, 180 MHz, 405 MHz
2026/09/06 16:30:09.642, 0 %, 27997 MiB, 30.02 W, 47, 180 MHz, 405 MHz
2026/09/06 16:30:09.892, 0 %, 27997 MiB, 30.02 W, 47, 180 MHz, 405 MHz
2026/09/06 16:30:10.142, 0 %, 27997 MiB, 30.02 W, 47, 180 MHz, 405 MHz
2026/09/06 16:30:10.393, 0 %, 27997 MiB, 30.02 W, 47, 180 MHz, 405 MHz
2026/09/06 16:30:10.643, 0 %, 27997 MiB, 29.48 W, 47, 180 MHz, 405 MHz
2026/09/06 16:30:10.893, 0 %, 27997 MiB, 29.48 W, 47, 180 MHz, 405 MHz
2026/09/06 16:30:11.143, 0 %, 27997 MiB, 29.48 W, 47, 180 MHz, 405 MHz
2026/09/06 16:30:11.394, 0 %, 27997 MiB, 29.48 W, 47, 180 MHz, 405 MHz
2026/09/06 16:30:11.644, 0 %, 27997 MiB, 28.18 W, 47, 180 MHz, 405 MHz
2026/09/06 16:30:11.894, 0 %, 27997 MiB, 28.18 W, 47, 180 MHz, 405 MHz
2026/09/06 16:30:12.144, 0 %, 27997 MiB, 28.18 W, 47, 180 MHz, 405 MHz
2026/09/06 16:30:12.394, 0 %, 27997 MiB, 28.18 W, 47, 180 MHz, 405 MHz
2026/09/06 16:30:12.645, 0 %, 27997 MiB, 28.45 W, 47, 180 MHz, 405 MHz
2026/09/06 16:30:12.895, 0 %, 27997 MiB, 28.45 W, 47, 180 MHz, 405 MHz
2026/09/06 16:30:13.145, 0 %, 27997 MiB, 28.45 W, 47, 180 MHz, 405 MHz
2026/09/06 16:30:13.395, 0 %, 27997 MiB, 28.45 W, 47, 180 MHz, 405 MHz
2026/09/06 16:30:13.646, 0 %, 27997 MiB, 29.22 W, 47, 180 MHz, 405 MHz
2026/09/06 16:30:13.896, 0 %, 27997 MiB, 29.22 W, 47, 180 MHz, 405 MHz
2026/09/06 16:30:14.146, 0 %, 27997 MiB, 29.22 W, 47, 180 MHz, 405 MHz
2026/09/06 16:30:14.396, 0 %, 27997 MiB, 29.22 W, 47, 180 MHz, 405 MHz
2026/09/06 16:30:14.648, 0 %, 27997 MiB, 29.64 W, 47, 180 MHz, 405 MHz
2026/09/06 16:30:14.898, 0 %, 27997 MiB, 29.64 W, 47, 180 MHz, 405 MHz
2026/09/06 16:30:15.148, 0 %, 27997 MiB, 29.64 W, 47, 180 MHz, 405 MHz
2026/09/06 16:30:15.399, 0 %, 27997 MiB, 29.64 W, 47, 180 MHz, 405 MHz
2026/09/06 16:30:15.649, 0 %, 27997 MiB, 29.58 W, 46, 180 MHz, 405 MHz
2026/09/06 16:30:15.900, 0 %, 27997 MiB, 29.58 W, 46, 180 MHz, 405 MHz
2026/09/06 16:30:16.150, 0 %, 27997 MiB, 29.58 W, 46, 180 MHz, 405 MHz
2026/09/06 16:30:16.400, 0 %, 27997 MiB, 29.58 W, 46, 180 MHz, 405 MHz
2026/09/06 16:30:16.651, 0 %, 27997 MiB, 28.20 W, 46, 180 MHz, 405 MHz
2026/09/06 16:30:16.901, 0 %, 27997 MiB, 28.20 W, 46, 180 MHz, 405 MHz
2026/09/06 16:30:17.152, 0 %, 27997 MiB, 28.20 W, 46, 180 MHz, 405 MHz
2026/09/06 16:30:17.402, 0 %, 27997 MiB, 28.20 W, 46, 180 MHz, 405 MHz
2026/09/06 16:30:17.652, 0 %, 27997 MiB, 27.96 W, 46, 180 MHz, 405 MHz
2026/09/06 16:30:17.903, 0 %, 27997 MiB, 27.96 W, 46, 180 MHz, 405 MHz
2026/09/06 16:30:18.153, 0 %, 27997 MiB, 27.96 W, 46, 180 MHz, 405 MHz
2026/09/06 16:30:18.403, 0 %, 27997 MiB, 27.96 W, 46, 180 MHz, 405 MHz
2026/09/06 16:30:18.654, 0 %, 27997 MiB, 28.02 W, 46, 180 MHz, 405 MHz
2026/09/06 16:30:18.904, 0 %, 27997 MiB, 28.02 W, 46, 180 MHz, 405 MHz
2026/09/06 16:30:19.155, 0 %, 27997 MiB, 28.02 W, 46, 180 MHz, 405 MHz
2026/09/06 16:30:19.405, 0 %, 27997 MiB, 28.02 W, 46, 180 MHz, 405 MHz
2026/09/06 16:30:19.655, 0 %, 27997 MiB, 29.08 W, 46, 180 MHz, 405 MHz
2026/09/06 16:30:19.906, 0 %, 27997 MiB, 29.08 W, 46, 180 MHz, 405 MHz
2026/09/06 16:30:20.157, 0 %, 27997 MiB, 29.08 W, 46, 180 MHz, 405 MHz
2026/09/06 16:30:20.407, 0 %, 27997 MiB, 29.08 W, 46, 180 MHz, 405 MHz
2026/09/06 16:30:20.657, 0 %, 27997 MiB, 29.53 W, 46, 180 MHz, 405 MHz
2026/09/06 16:30:20.908, 0 %, 27997 MiB, 29.53 W, 46, 180 MHz, 405 MHz
2026/09/06 16:30:21.158, 0 %, 27997 MiB, 29.53 W, 46, 180 MHz, 405 MHz
2026/09/06 16:30:21.408, 0 %, 27997 MiB, 29.53 W, 46, 180 MHz, 405 MHz
2026/09/06 16:30:21.659, 0 %, 27997 MiB, 29.45 W, 46, 180 MHz, 405 MHz
2026/09/06 16:30:21.909, 0 %, 27997 MiB, 29.45 W, 46, 180 MHz, 405 MHz
2026/09/06 16:30:22.159, 0 %, 27997 MiB, 29.45 W, 46, 180 MHz, 405 MHz
2026/09/06 16:30:22.410, 0 %, 27997 MiB, 29.45 W, 46, 180 MHz, 405 MHz
2026/09/06 16:30:22.660, 0 %, 27997 MiB, 29.03 W, 46, 180 MHz, 405 MHz
2026/09/06 16:30:22.911, 0 %, 27997 MiB, 29.03 W, 46, 180 MHz, 405 MHz
2026/09/06 16:30:23.161, 0 %, 27997 MiB, 29.03 W, 46, 180 MHz, 405 MHz
2026/09/06 16:30:23.411, 0 %, 27997 MiB, 29.03 W, 46, 180 MHz, 405 MHz
2026/09/06 16:30:23.662, 0 %, 27997 MiB, 28.93 W, 45, 180 MHz, 405 MHz
2026/09/06 16:30:23.912, 0 %, 27997 MiB, 28.93 W, 45, 180 MHz, 405 MHz
2026/09/06 16:30:24.162, 0 %, 27997 MiB, 28.93 W, 45, 180 MHz, 405 MHz
2026/09/06 16:30:24.412, 0 %, 27997 MiB, 28.93 W, 45, 180 MHz, 405 MHz
2026/09/06 16:30:24.663, 0 %, 27997 MiB, 27.39 W, 45, 180 MHz, 405 MHz
2026/09/06 16:30:24.913, 0 %, 27997 MiB, 27.39 W, 45, 180 MHz, 405 MHz
2026/09/06 16:30:25.163, 0 %, 27997 MiB, 27.39 W, 45, 180 MHz, 405 MHz
2026/09/06 16:30:25.413, 0 %, 27997 MiB, 27.39 W, 45, 180 MHz, 405 MHz
2026/09/06 16:30:25.664, 0 %, 27997 MiB, 27.29 W, 45, 180 MHz, 405 MHz
2026/09/06 16:30:25.914, 0 %, 27719 MiB, 27.29 W, 45, 180 MHz, 405 MHz
2026/09/06 16:30:26.164, 0 %, 27719 MiB, 31.21 W, 46, 1657 MHz, 13801 MHz
2026/09/06 16:30:26.414, 0 %, 27719 MiB, 31.21 W, 46, 1657 MHz, 13801 MHz
2026/09/06 16:30:26.665, 0 %, 27719 MiB, 47.46 W, 46, 2400 MHz, 13801 MHz
2026/09/06 16:30:26.915, 0 %, 27867 MiB, 47.46 W, 46, 2400 MHz, 13801 MHz
2026/09/06 16:30:27.165, 0 %, 27997 MiB, 125.93 W, 54, 2565 MHz, 13801 MHz
2026/09/06 16:30:27.415, 0 %, 27997 MiB, 125.93 W, 54, 2565 MHz, 13801 MHz
2026/09/06 16:30:27.666, 95 %, 27997 MiB, 287.64 W, 53, 2857 MHz, 13801 MHz
2026/09/06 16:30:27.916, 95 %, 27997 MiB, 287.64 W, 53, 2857 MHz, 13801 MHz
2026/09/06 16:30:28.166, 95 %, 27997 MiB, 381.76 W, 53, 2857 MHz, 13801 MHz
2026/09/06 16:30:28.416, 95 %, 27997 MiB, 381.76 W, 53, 2857 MHz, 13801 MHz
2026/09/06 16:30:28.667, 94 %, 27997 MiB, 383.10 W, 54, 2857 MHz, 13801 MHz
2026/09/06 16:30:28.917, 94 %, 27997 MiB, 383.10 W, 54, 2857 MHz, 13801 MHz
2026/09/06 16:30:29.167, 94 %, 27997 MiB, 384.09 W, 54, 2857 MHz, 13801 MHz
2026/09/06 16:30:29.418, 94 %, 27997 MiB, 384.09 W, 54, 2857 MHz, 13801 MHz
2026/09/06 16:30:29.668, 95 %, 27997 MiB, 384.21 W, 54, 2857 MHz, 13801 MHz
2026/09/06 16:30:29.918, 95 %, 27997 MiB, 384.21 W, 54, 2857 MHz, 13801 MHz
2026/09/06 16:30:30.169, 95 %, 27997 MiB, 384.80 W, 54, 2857 MHz, 13801 MHz
2026/09/06 16:30:30.419, 95 %, 27997 MiB, 384.80 W, 54, 2857 MHz, 13801 MHz
2026/09/06 16:30:30.670, 94 %, 27997 MiB, 385.23 W, 55, 2857 MHz, 13801 MHz
2026/09/06 16:30:30.920, 94 %, 27997 MiB, 385.23 W, 55, 2857 MHz, 13801 MHz
2026/09/06 16:30:31.171, 94 %, 27997 MiB, 385.49 W, 55, 2857 MHz, 13801 MHz
2026/09/06 16:30:31.421, 94 %, 27997 MiB, 385.49 W, 55, 2857 MHz, 13801 MHz
2026/09/06 16:30:31.671, 94 %, 27997 MiB, 385.78 W, 55, 2857 MHz, 13801 MHz
2026/09/06 16:30:31.922, 94 %, 27997 MiB, 385.78 W, 55, 2857 MHz, 13801 MHz
2026/09/06 16:30:32.172, 94 %, 27997 MiB, 386.01 W, 55, 2857 MHz, 13801 MHz
2026/09/06 16:30:32.422, 94 %, 27997 MiB, 386.01 W, 55, 2857 MHz, 13801 MHz
2026/09/06 16:30:32.673, 94 %, 27997 MiB, 385.89 W, 55, 2857 MHz, 13801 MHz
2026/09/06 16:30:32.923, 94 %, 27997 MiB, 385.89 W, 55, 2857 MHz, 13801 MHz
2026/09/06 16:30:33.174, 94 %, 27997 MiB, 384.13 W, 55, 2857 MHz, 13801 MHz
2026/09/06 16:30:33.424, 94 %, 27997 MiB, 384.13 W, 55, 2857 MHz, 13801 MHz
2026/09/06 16:30:33.674, 92 %, 27997 MiB, 382.24 W, 55, 2857 MHz, 13801 MHz
2026/09/06 16:30:33.925, 92 %, 27997 MiB, 382.24 W, 55, 2857 MHz, 13801 MHz
2026/09/06 16:30:34.175, 92 %, 27997 MiB, 382.30 W, 56, 2857 MHz, 13801 MHz
2026/09/06 16:30:34.425, 92 %, 27997 MiB, 382.30 W, 56, 2857 MHz, 13801 MHz
2026/09/06 16:30:34.676, 94 %, 27997 MiB, 384.67 W, 56, 2857 MHz, 13801 MHz
2026/09/06 16:30:34.926, 94 %, 27997 MiB, 384.67 W, 56, 2857 MHz, 13801 MHz
2026/09/06 16:30:35.176, 94 %, 27997 MiB, 386.05 W, 56, 2857 MHz, 13801 MHz
2026/09/06 16:30:35.426, 94 %, 27997 MiB, 386.05 W, 56, 2857 MHz, 13801 MHz
2026/09/06 16:30:35.677, 95 %, 27997 MiB, 386.94 W, 56, 2857 MHz, 13801 MHz
2026/09/06 16:30:35.927, 95 %, 27997 MiB, 386.94 W, 56, 2857 MHz, 13801 MHz
2026/09/06 16:30:36.178, 95 %, 27997 MiB, 388.00 W, 56, 2857 MHz, 13801 MHz
2026/09/06 16:30:36.429, 95 %, 27997 MiB, 388.00 W, 56, 2857 MHz, 13801 MHz
2026/09/06 16:30:36.679, 94 %, 27997 MiB, 388.27 W, 56, 2857 MHz, 13801 MHz
2026/09/06 16:30:36.929, 94 %, 27997 MiB, 388.27 W, 56, 2857 MHz, 13801 MHz
2026/09/06 16:30:37.180, 94 %, 27997 MiB, 388.36 W, 56, 2857 MHz, 13801 MHz
2026/09/06 16:30:37.430, 94 %, 27997 MiB, 388.36 W, 56, 2857 MHz, 13801 MHz
2026/09/06 16:30:37.680, 94 %, 27997 MiB, 388.39 W, 56, 2857 MHz, 13801 MHz
2026/09/06 16:30:37.930, 94 %, 27997 MiB, 388.39 W, 56, 2857 MHz, 13801 MHz
2026/09/06 16:30:38.181, 94 %, 27997 MiB, 388.59 W, 57, 2857 MHz, 13801 MHz
2026/09/06 16:30:38.431, 94 %, 27997 MiB, 388.59 W, 57, 2857 MHz, 13801 MHz
2026/09/06 16:30:38.681, 94 %, 27997 MiB, 388.77 W, 57, 2857 MHz, 13801 MHz
2026/09/06 16:30:38.931, 94 %, 27997 MiB, 388.77 W, 57, 2857 MHz, 13801 MHz
2026/09/06 16:30:39.181, 94 %, 27997 MiB, 388.45 W, 57, 2857 MHz, 13801 MHz
2026/09/06 16:30:39.432, 94 %, 27997 MiB, 388.45 W, 57, 2857 MHz, 13801 MHz
2026/09/06 16:30:39.682, 94 %, 27997 MiB, 386.60 W, 57, 2857 MHz, 13801 MHz
2026/09/06 16:30:39.932, 94 %, 27997 MiB, 386.60 W, 57, 2857 MHz, 13801 MHz
2026/09/06 16:30:40.182, 94 %, 27997 MiB, 386.99 W, 57, 2857 MHz, 13801 MHz
2026/09/06 16:30:40.433, 94 %, 27997 MiB, 386.99 W, 57, 2857 MHz, 13801 MHz
2026/09/06 16:30:40.683, 94 %, 27997 MiB, 389.60 W, 57, 2857 MHz, 13801 MHz
2026/09/06 16:30:40.933, 94 %, 27997 MiB, 389.60 W, 57, 2857 MHz, 13801 MHz
2026/09/06 16:30:41.183, 94 %, 27997 MiB, 389.65 W, 57, 2857 MHz, 13801 MHz
2026/09/06 16:30:41.433, 94 %, 27997 MiB, 389.65 W, 57, 2857 MHz, 13801 MHz
2026/09/06 16:30:41.684, 95 %, 27997 MiB, 389.59 W, 57, 2857 MHz, 13801 MHz
2026/09/06 16:30:41.934, 95 %, 27997 MiB, 389.59 W, 57, 2857 MHz, 13801 MHz
2026/09/06 16:30:42.184, 95 %, 27997 MiB, 389.78 W, 57, 2857 MHz, 13801 MHz
2026/09/06 16:30:42.434, 95 %, 27997 MiB, 389.78 W, 57, 2857 MHz, 13801 MHz
2026/09/06 16:30:42.685, 94 %, 27997 MiB, 389.98 W, 58, 2857 MHz, 13801 MHz
2026/09/06 16:30:42.935, 94 %, 27997 MiB, 389.98 W, 58, 2857 MHz, 13801 MHz
2026/09/06 16:30:43.185, 94 %, 27997 MiB, 390.83 W, 58, 2857 MHz, 13801 MHz
2026/09/06 16:30:43.435, 94 %, 27997 MiB, 390.83 W, 58, 2857 MHz, 13801 MHz
2026/09/06 16:30:43.686, 94 %, 27997 MiB, 391.32 W, 58, 2857 MHz, 13801 MHz
2026/09/06 16:30:43.936, 94 %, 27997 MiB, 391.32 W, 58, 2857 MHz, 13801 MHz
2026/09/06 16:30:44.186, 94 %, 27997 MiB, 390.88 W, 58, 2857 MHz, 13801 MHz
2026/09/06 16:30:44.436, 94 %, 27997 MiB, 390.88 W, 58, 2857 MHz, 13801 MHz
2026/09/06 16:30:44.687, 95 %, 27997 MiB, 390.87 W, 58, 2857 MHz, 13801 MHz
2026/09/06 16:30:44.937, 95 %, 27997 MiB, 390.87 W, 58, 2857 MHz, 13801 MHz
2026/09/06 16:30:45.187, 95 %, 27997 MiB, 391.04 W, 58, 2857 MHz, 13801 MHz
2026/09/06 16:30:45.437, 95 %, 27997 MiB, 391.04 W, 58, 2857 MHz, 13801 MHz
2026/09/06 16:30:45.687, 94 %, 27997 MiB, 390.96 W, 58, 2857 MHz, 13801 MHz
2026/09/06 16:30:45.939, 94 %, 27997 MiB, 390.96 W, 58, 2857 MHz, 13801 MHz
2026/09/06 16:30:46.189, 94 %, 27997 MiB, 391.28 W, 58, 2857 MHz, 13801 MHz
2026/09/06 16:30:46.439, 94 %, 27997 MiB, 391.28 W, 58, 2857 MHz, 13801 MHz
2026/09/06 16:30:46.689, 94 %, 27997 MiB, 392.32 W, 58, 2857 MHz, 13801 MHz
2026/09/06 16:30:46.940, 94 %, 27997 MiB, 392.32 W, 58, 2857 MHz, 13801 MHz
2026/09/06 16:30:47.190, 94 %, 27997 MiB, 392.49 W, 59, 2857 MHz, 13801 MHz
2026/09/06 16:30:47.440, 94 %, 27997 MiB, 392.49 W, 59, 2857 MHz, 13801 MHz
2026/09/06 16:30:47.690, 95 %, 27997 MiB, 392.39 W, 59, 2857 MHz, 13801 MHz
2026/09/06 16:30:47.940, 95 %, 27997 MiB, 392.39 W, 59, 2857 MHz, 13801 MHz
2026/09/06 16:30:48.191, 95 %, 27997 MiB, 391.99 W, 59, 2857 MHz, 13801 MHz
2026/09/06 16:30:48.441, 95 %, 27997 MiB, 391.99 W, 59, 2857 MHz, 13801 MHz
2026/09/06 16:30:48.691, 94 %, 27997 MiB, 391.02 W, 59, 2857 MHz, 13801 MHz
2026/09/06 16:30:48.941, 94 %, 27997 MiB, 391.02 W, 59, 2857 MHz, 13801 MHz
2026/09/06 16:30:49.191, 94 %, 27997 MiB, 390.39 W, 59, 2857 MHz, 13801 MHz
2026/09/06 16:30:49.442, 94 %, 27997 MiB, 390.39 W, 59, 2857 MHz, 13801 MHz
2026/09/06 16:30:49.692, 94 %, 27997 MiB, 390.65 W, 59, 2857 MHz, 13801 MHz
2026/09/06 16:30:49.942, 94 %, 27997 MiB, 390.65 W, 59, 2857 MHz, 13801 MHz
2026/09/06 16:30:50.192, 94 %, 27997 MiB, 391.09 W, 59, 2857 MHz, 13801 MHz
2026/09/06 16:30:50.443, 94 %, 27997 MiB, 391.09 W, 59, 2857 MHz, 13801 MHz
2026/09/06 16:30:50.693, 94 %, 27997 MiB, 391.58 W, 59, 2857 MHz, 13801 MHz
2026/09/06 16:30:50.943, 94 %, 27997 MiB, 391.58 W, 59, 2857 MHz, 13801 MHz
2026/09/06 16:30:51.193, 94 %, 27997 MiB, 391.48 W, 59, 2857 MHz, 13801 MHz
2026/09/06 16:30:51.444, 94 %, 27997 MiB, 391.48 W, 59, 2857 MHz, 13801 MHz
2026/09/06 16:30:51.694, 94 %, 27997 MiB, 391.55 W, 59, 2857 MHz, 13801 MHz
2026/09/06 16:30:51.944, 94 %, 27997 MiB, 391.55 W, 59, 2857 MHz, 13801 MHz
2026/09/06 16:30:52.195, 94 %, 27997 MiB, 391.79 W, 59, 2857 MHz, 13801 MHz
2026/09/06 16:30:52.445, 94 %, 27997 MiB, 391.79 W, 59, 2857 MHz, 13801 MHz
2026/09/06 16:30:52.695, 94 %, 27997 MiB, 391.63 W, 60, 2857 MHz, 13801 MHz
2026/09/06 16:30:52.945, 94 %, 27997 MiB, 391.63 W, 60, 2857 MHz, 13801 MHz
2026/09/06 16:30:53.196, 94 %, 27997 MiB, 390.85 W, 60, 2857 MHz, 13801 MHz
2026/09/06 16:30:53.446, 94 %, 27997 MiB, 390.85 W, 60, 2857 MHz, 13801 MHz
2026/09/06 16:30:53.696, 94 %, 27997 MiB, 391.03 W, 60, 2857 MHz, 13801 MHz
2026/09/06 16:30:53.946, 94 %, 27997 MiB, 391.03 W, 60, 2857 MHz, 13801 MHz
2026/09/06 16:30:54.197, 94 %, 27997 MiB, 392.41 W, 60, 2857 MHz, 13801 MHz
2026/09/06 16:30:54.447, 94 %, 27997 MiB, 392.41 W, 60, 2857 MHz, 13801 MHz
2026/09/06 16:30:54.697, 94 %, 27997 MiB, 392.79 W, 60, 2857 MHz, 13801 MHz
2026/09/06 16:30:54.947, 94 %, 27997 MiB, 392.79 W, 60, 2857 MHz, 13801 MHz
2026/09/06 16:30:55.198, 94 %, 27997 MiB, 392.99 W, 60, 2857 MHz, 13801 MHz
2026/09/06 16:30:55.448, 94 %, 27997 MiB, 392.99 W, 60, 2857 MHz, 13801 MHz
2026/09/06 16:30:55.698, 94 %, 27997 MiB, 392.82 W, 60, 2857 MHz, 13801 MHz
2026/09/06 16:30:55.949, 94 %, 27997 MiB, 392.82 W, 60, 2857 MHz, 13801 MHz
2026/09/06 16:30:56.199, 94 %, 27997 MiB, 392.86 W, 60, 2857 MHz, 13801 MHz
2026/09/06 16:30:56.449, 94 %, 27997 MiB, 392.86 W, 60, 2857 MHz, 13801 MHz
2026/09/06 16:30:56.699, 94 %, 27997 MiB, 393.20 W, 60, 2857 MHz, 13801 MHz
2026/09/06 16:30:56.949, 94 %, 27997 MiB, 393.20 W, 60, 2857 MHz, 13801 MHz
2026/09/06 16:30:57.199, 94 %, 27997 MiB, 393.51 W, 60, 2857 MHz, 13801 MHz
2026/09/06 16:30:57.450, 94 %, 27997 MiB, 393.51 W, 60, 2857 MHz, 13801 MHz
2026/09/06 16:30:57.700, 94 %, 27997 MiB, 393.61 W, 60, 2857 MHz, 13801 MHz
2026/09/06 16:30:57.950, 94 %, 27997 MiB, 393.61 W, 60, 2857 MHz, 13801 MHz
2026/09/06 16:30:58.201, 94 %, 27997 MiB, 391.27 W, 61, 2857 MHz, 13801 MHz
2026/09/06 16:30:58.451, 94 %, 27997 MiB, 391.27 W, 61, 2857 MHz, 13801 MHz
2026/09/06 16:30:58.701, 95 %, 27997 MiB, 391.89 W, 61, 2857 MHz, 13801 MHz
2026/09/06 16:30:58.951, 95 %, 27997 MiB, 391.89 W, 61, 2857 MHz, 13801 MHz
2026/09/06 16:30:59.202, 95 %, 27997 MiB, 394.58 W, 61, 2857 MHz, 13801 MHz
2026/09/06 16:30:59.452, 95 %, 27997 MiB, 394.58 W, 61, 2857 MHz, 13801 MHz
2026/09/06 16:30:59.702, 95 %, 27997 MiB, 394.85 W, 61, 2857 MHz, 13801 MHz
2026/09/06 16:30:59.952, 95 %, 27997 MiB, 394.85 W, 61, 2857 MHz, 13801 MHz
2026/09/06 16:31:00.203, 95 %, 27997 MiB, 395.08 W, 61, 2857 MHz, 13801 MHz
2026/09/06 16:31:00.453, 95 %, 27997 MiB, 395.08 W, 61, 2857 MHz, 13801 MHz
2026/09/06 16:31:00.704, 95 %, 27997 MiB, 395.10 W, 61, 2857 MHz, 13801 MHz
2026/09/06 16:31:00.954, 95 %, 27997 MiB, 395.10 W, 61, 2857 MHz, 13801 MHz
2026/09/06 16:31:01.204, 95 %, 27997 MiB, 394.35 W, 61, 2857 MHz, 13801 MHz
2026/09/06 16:31:01.458, 95 %, 27997 MiB, 394.35 W, 61, 2857 MHz, 13801 MHz
2026/09/06 16:31:01.708, 94 %, 27997 MiB, 394.91 W, 61, 2857 MHz, 13801 MHz
2026/09/06 16:31:01.958, 94 %, 27997 MiB, 394.91 W, 61, 2857 MHz, 13801 MHz
2026/09/06 16:31:02.208, 94 %, 27997 MiB, 395.81 W, 61, 2857 MHz, 13801 MHz
2026/09/06 16:31:02.459, 94 %, 27997 MiB, 395.81 W, 61, 2857 MHz, 13801 MHz
2026/09/06 16:31:02.709, 94 %, 27997 MiB, 396.07 W, 61, 2857 MHz, 13801 MHz
2026/09/06 16:31:02.959, 94 %, 27997 MiB, 396.07 W, 61, 2857 MHz, 13801 MHz
2026/09/06 16:31:03.209, 94 %, 27997 MiB, 396.24 W, 62, 2857 MHz, 13801 MHz
2026/09/06 16:31:03.460, 94 %, 27997 MiB, 396.24 W, 62, 2857 MHz, 13801 MHz
2026/09/06 16:31:03.710, 94 %, 27997 MiB, 396.16 W, 62, 2857 MHz, 13801 MHz
2026/09/06 16:31:03.960, 94 %, 27997 MiB, 396.16 W, 62, 2857 MHz, 13801 MHz
2026/09/06 16:31:04.210, 94 %, 27997 MiB, 396.19 W, 61, 2857 MHz, 13801 MHz
2026/09/06 16:31:04.460, 94 %, 27997 MiB, 396.19 W, 61, 2857 MHz, 13801 MHz
2026/09/06 16:31:04.711, 94 %, 27997 MiB, 396.14 W, 62, 2857 MHz, 13801 MHz
2026/09/06 16:31:04.961, 94 %, 27997 MiB, 396.14 W, 62, 2857 MHz, 13801 MHz
2026/09/06 16:31:05.211, 94 %, 27997 MiB, 396.18 W, 62, 2857 MHz, 13801 MHz
2026/09/06 16:31:05.461, 94 %, 27997 MiB, 396.18 W, 62, 2857 MHz, 13801 MHz
2026/09/06 16:31:05.712, 94 %, 27997 MiB, 396.48 W, 62, 2857 MHz, 13801 MHz
2026/09/06 16:31:05.962, 94 %, 27997 MiB, 396.48 W, 62, 2857 MHz, 13801 MHz
2026/09/06 16:31:06.212, 94 %, 27997 MiB, 396.68 W, 62, 2857 MHz, 13801 MHz
2026/09/06 16:31:06.462, 94 %, 27997 MiB, 396.68 W, 62, 2857 MHz, 13801 MHz
2026/09/06 16:31:06.712, 95 %, 27997 MiB, 396.39 W, 62, 2857 MHz, 13801 MHz
2026/09/06 16:31:06.963, 95 %, 27997 MiB, 396.39 W, 62, 2857 MHz, 13801 MHz
2026/09/06 16:31:07.213, 95 %, 27997 MiB, 396.42 W, 62, 2857 MHz, 13801 MHz
2026/09/06 16:31:07.463, 95 %, 27997 MiB, 396.42 W, 62, 2857 MHz, 13801 MHz
2026/09/06 16:31:07.713, 95 %, 27997 MiB, 396.63 W, 62, 2857 MHz, 13801 MHz
2026/09/06 16:31:07.964, 95 %, 27997 MiB, 396.63 W, 62, 2857 MHz, 13801 MHz
2026/09/06 16:31:08.214, 95 %, 27997 MiB, 396.85 W, 62, 2857 MHz, 13801 MHz
2026/09/06 16:31:08.464, 95 %, 27997 MiB, 396.85 W, 62, 2857 MHz, 13801 MHz
2026/09/06 16:31:08.714, 94 %, 27997 MiB, 397.35 W, 62, 2857 MHz, 13801 MHz
2026/09/06 16:31:08.965, 94 %, 27997 MiB, 397.35 W, 62, 2857 MHz, 13801 MHz
2026/09/06 16:31:09.215, 94 %, 27997 MiB, 397.57 W, 62, 2857 MHz, 13801 MHz
2026/09/06 16:31:09.465, 94 %, 27997 MiB, 397.57 W, 62, 2857 MHz, 13801 MHz
2026/09/06 16:31:09.715, 94 %, 27997 MiB, 397.74 W, 62, 2857 MHz, 13801 MHz
2026/09/06 16:31:09.965, 94 %, 27997 MiB, 397.74 W, 62, 2857 MHz, 13801 MHz
2026/09/06 16:31:10.216, 94 %, 27997 MiB, 397.91 W, 63, 2857 MHz, 13801 MHz
2026/09/06 16:31:10.466, 94 %, 27997 MiB, 397.91 W, 63, 2857 MHz, 13801 MHz
2026/09/06 16:31:10.716, 94 %, 27997 MiB, 398.19 W, 63, 2857 MHz, 13801 MHz
2026/09/06 16:31:10.966, 94 %, 27997 MiB, 398.19 W, 63, 2857 MHz, 13801 MHz
2026/09/06 16:31:11.217, 94 %, 27997 MiB, 398.67 W, 63, 2857 MHz, 13801 MHz
2026/09/06 16:31:11.467, 94 %, 27997 MiB, 398.67 W, 63, 2857 MHz, 13801 MHz
2026/09/06 16:31:11.718, 95 %, 27997 MiB, 396.71 W, 63, 2842 MHz, 13801 MHz
2026/09/06 16:31:11.968, 95 %, 27997 MiB, 396.71 W, 63, 2842 MHz, 13801 MHz
2026/09/06 16:31:12.218, 95 %, 27997 MiB, 396.10 W, 63, 2842 MHz, 13801 MHz
2026/09/06 16:31:12.471, 95 %, 27997 MiB, 396.10 W, 63, 2842 MHz, 13801 MHz
2026/09/06 16:31:12.721, 94 %, 27997 MiB, 398.15 W, 63, 2842 MHz, 13801 MHz
2026/09/06 16:31:12.971, 94 %, 27997 MiB, 398.15 W, 63, 2842 MHz, 13801 MHz
2026/09/06 16:31:13.222, 94 %, 27997 MiB, 398.31 W, 63, 2842 MHz, 13801 MHz
2026/09/06 16:31:13.472, 94 %, 27997 MiB, 398.31 W, 63, 2842 MHz, 13801 MHz
2026/09/06 16:31:13.722, 95 %, 27997 MiB, 398.55 W, 63, 2842 MHz, 13801 MHz
2026/09/06 16:31:13.972, 95 %, 27997 MiB, 398.55 W, 63, 2842 MHz, 13801 MHz
2026/09/06 16:31:14.223, 95 %, 27997 MiB, 399.01 W, 63, 2842 MHz, 13801 MHz
2026/09/06 16:31:14.473, 95 %, 27997 MiB, 399.01 W, 63, 2842 MHz, 13801 MHz
2026/09/06 16:31:14.723, 95 %, 27997 MiB, 398.76 W, 63, 2842 MHz, 13801 MHz
2026/09/06 16:31:14.973, 95 %, 27997 MiB, 398.76 W, 63, 2842 MHz, 13801 MHz
2026/09/06 16:31:15.223, 95 %, 27997 MiB, 398.76 W, 63, 2842 MHz, 13801 MHz
2026/09/06 16:31:15.474, 95 %, 27997 MiB, 398.76 W, 63, 2842 MHz, 13801 MHz
2026/09/06 16:31:15.724, 94 %, 27997 MiB, 398.94 W, 63, 2842 MHz, 13801 MHz
2026/09/06 16:31:15.974, 94 %, 27997 MiB, 398.94 W, 63, 2842 MHz, 13801 MHz
2026/09/06 16:31:16.224, 94 %, 27997 MiB, 399.08 W, 63, 2842 MHz, 13801 MHz
2026/09/06 16:31:16.474, 94 %, 27997 MiB, 399.08 W, 63, 2842 MHz, 13801 MHz
2026/09/06 16:31:16.725, 95 %, 27997 MiB, 399.07 W, 63, 2842 MHz, 13801 MHz
2026/09/06 16:31:16.975, 95 %, 27997 MiB, 399.07 W, 63, 2842 MHz, 13801 MHz
2026/09/06 16:31:17.225, 95 %, 27997 MiB, 399.19 W, 63, 2842 MHz, 13801 MHz
2026/09/06 16:31:17.475, 95 %, 27997 MiB, 399.19 W, 63, 2842 MHz, 13801 MHz
2026/09/06 16:31:17.725, 94 %, 27997 MiB, 399.19 W, 63, 2842 MHz, 13801 MHz
2026/09/06 16:31:17.975, 94 %, 27997 MiB, 399.19 W, 63, 2842 MHz, 13801 MHz
2026/09/06 16:31:18.225, 94 %, 27997 MiB, 399.21 W, 63, 2842 MHz, 13801 MHz
2026/09/06 16:31:18.476, 94 %, 27997 MiB, 399.21 W, 63, 2842 MHz, 13801 MHz
2026/09/06 16:31:18.726, 94 %, 27997 MiB, 399.43 W, 63, 2842 MHz, 13801 MHz
2026/09/06 16:31:18.976, 94 %, 27997 MiB, 399.43 W, 63, 2842 MHz, 13801 MHz
2026/09/06 16:31:19.226, 94 %, 27997 MiB, 399.61 W, 64, 2842 MHz, 13801 MHz
2026/09/06 16:31:19.476, 94 %, 27997 MiB, 399.61 W, 64, 2842 MHz, 13801 MHz
2026/09/06 16:31:19.726, 95 %, 27997 MiB, 399.73 W, 64, 2842 MHz, 13801 MHz
2026/09/06 16:31:19.977, 95 %, 27997 MiB, 399.73 W, 64, 2842 MHz, 13801 MHz
2026/09/06 16:31:20.227, 95 %, 27997 MiB, 399.69 W, 64, 2842 MHz, 13801 MHz
2026/09/06 16:31:20.477, 95 %, 27997 MiB, 399.69 W, 64, 2842 MHz, 13801 MHz
2026/09/06 16:31:20.727, 94 %, 27997 MiB, 399.79 W, 64, 2842 MHz, 13801 MHz
2026/09/06 16:31:20.977, 94 %, 27997 MiB, 399.79 W, 64, 2842 MHz, 13801 MHz
2026/09/06 16:31:21.227, 94 %, 27997 MiB, 399.99 W, 64, 2842 MHz, 13801 MHz
2026/09/06 16:31:21.478, 94 %, 27997 MiB, 399.99 W, 64, 2842 MHz, 13801 MHz
2026/09/06 16:31:21.728, 94 %, 27997 MiB, 400.01 W, 64, 2842 MHz, 13801 MHz
2026/09/06 16:31:21.978, 94 %, 27997 MiB, 400.01 W, 64, 2842 MHz, 13801 MHz
2026/09/06 16:31:22.228, 94 %, 27997 MiB, 400.08 W, 64, 2842 MHz, 13801 MHz
2026/09/06 16:31:22.478, 94 %, 27997 MiB, 400.08 W, 64, 2842 MHz, 13801 MHz
2026/09/06 16:31:22.728, 95 %, 27997 MiB, 400.24 W, 64, 2842 MHz, 13801 MHz
2026/09/06 16:31:22.978, 95 %, 27997 MiB, 400.24 W, 64, 2842 MHz, 13801 MHz
2026/09/06 16:31:23.229, 95 %, 27997 MiB, 400.01 W, 64, 2842 MHz, 13801 MHz
2026/09/06 16:31:23.479, 95 %, 27997 MiB, 400.01 W, 64, 2842 MHz, 13801 MHz
2026/09/06 16:31:23.729, 94 %, 27997 MiB, 400.15 W, 64, 2842 MHz, 13801 MHz
2026/09/06 16:31:23.979, 94 %, 27997 MiB, 400.15 W, 64, 2842 MHz, 13801 MHz
2026/09/06 16:31:24.229, 94 %, 27997 MiB, 400.56 W, 64, 2842 MHz, 13801 MHz
2026/09/06 16:31:24.479, 94 %, 27997 MiB, 400.56 W, 64, 2842 MHz, 13801 MHz
2026/09/06 16:31:24.729, 94 %, 27997 MiB, 400.81 W, 64, 2842 MHz, 13801 MHz
2026/09/06 16:31:24.980, 94 %, 27997 MiB, 400.81 W, 64, 2842 MHz, 13801 MHz
2026/09/06 16:31:25.230, 94 %, 27997 MiB, 401.21 W, 64, 2842 MHz, 13801 MHz
2026/09/06 16:31:25.480, 94 %, 27997 MiB, 401.21 W, 64, 2842 MHz, 13801 MHz
2026/09/06 16:31:25.730, 95 %, 27997 MiB, 401.33 W, 64, 2842 MHz, 13801 MHz
2026/09/06 16:31:25.980, 95 %, 27997 MiB, 401.33 W, 64, 2842 MHz, 13801 MHz
2026/09/06 16:31:26.230, 95 %, 27997 MiB, 401.29 W, 64, 2842 MHz, 13801 MHz
2026/09/06 16:31:26.481, 95 %, 27997 MiB, 401.29 W, 64, 2842 MHz, 13801 MHz
2026/09/06 16:31:26.731, 95 %, 27997 MiB, 401.77 W, 64, 2842 MHz, 13801 MHz
2026/09/06 16:31:26.981, 95 %, 27997 MiB, 401.77 W, 64, 2842 MHz, 13801 MHz
2026/09/06 16:31:27.231, 95 %, 27997 MiB, 402.16 W, 64, 2842 MHz, 13801 MHz
2026/09/06 16:31:27.481, 95 %, 27997 MiB, 402.16 W, 64, 2842 MHz, 13801 MHz
2026/09/06 16:31:27.731, 94 %, 27997 MiB, 402.18 W, 64, 2842 MHz, 13801 MHz
2026/09/06 16:31:27.981, 94 %, 27997 MiB, 402.18 W, 64, 2842 MHz, 13801 MHz
2026/09/06 16:31:28.231, 94 %, 27997 MiB, 401.84 W, 65, 2842 MHz, 13801 MHz
2026/09/06 16:31:28.482, 94 %, 27997 MiB, 401.84 W, 65, 2842 MHz, 13801 MHz
2026/09/06 16:31:28.732, 95 %, 27997 MiB, 401.36 W, 65, 2842 MHz, 13801 MHz
2026/09/06 16:31:28.982, 95 %, 27997 MiB, 401.36 W, 65, 2842 MHz, 13801 MHz
2026/09/06 16:31:29.232, 95 %, 27997 MiB, 401.56 W, 65, 2842 MHz, 13801 MHz
2026/09/06 16:31:29.482, 95 %, 27997 MiB, 401.56 W, 65, 2842 MHz, 13801 MHz
2026/09/06 16:31:29.732, 95 %, 27997 MiB, 401.92 W, 65, 2842 MHz, 13801 MHz
2026/09/06 16:31:29.982, 95 %, 27997 MiB, 401.92 W, 65, 2842 MHz, 13801 MHz
2026/09/06 16:31:30.233, 95 %, 27997 MiB, 401.86 W, 65, 2842 MHz, 13801 MHz
2026/09/06 16:31:30.483, 95 %, 27997 MiB, 401.86 W, 65, 2842 MHz, 13801 MHz
2026/09/06 16:31:30.733, 94 %, 27997 MiB, 401.87 W, 65, 2842 MHz, 13801 MHz
2026/09/06 16:31:30.983, 94 %, 27997 MiB, 401.87 W, 65, 2842 MHz, 13801 MHz
2026/09/06 16:31:31.233, 94 %, 27997 MiB, 402.00 W, 65, 2842 MHz, 13801 MHz
2026/09/06 16:31:31.483, 94 %, 27997 MiB, 402.00 W, 65, 2842 MHz, 13801 MHz
2026/09/06 16:31:31.733, 94 %, 27997 MiB, 402.26 W, 65, 2842 MHz, 13801 MHz
2026/09/06 16:31:31.984, 94 %, 27997 MiB, 402.26 W, 65, 2842 MHz, 13801 MHz
2026/09/06 16:31:32.234, 94 %, 27997 MiB, 402.59 W, 65, 2842 MHz, 13801 MHz
2026/09/06 16:31:32.484, 94 %, 27997 MiB, 402.59 W, 65, 2842 MHz, 13801 MHz
2026/09/06 16:31:32.734, 95 %, 27997 MiB, 402.62 W, 65, 2842 MHz, 13801 MHz
2026/09/06 16:31:32.984, 95 %, 27997 MiB, 402.62 W, 65, 2842 MHz, 13801 MHz
2026/09/06 16:31:33.234, 95 %, 27997 MiB, 402.56 W, 65, 2842 MHz, 13801 MHz
2026/09/06 16:31:33.484, 95 %, 27997 MiB, 402.56 W, 65, 2842 MHz, 13801 MHz
2026/09/06 16:31:33.735, 95 %, 27997 MiB, 402.78 W, 65, 2842 MHz, 13801 MHz
2026/09/06 16:31:33.985, 95 %, 27997 MiB, 402.78 W, 65, 2842 MHz, 13801 MHz
2026/09/06 16:31:34.235, 95 %, 27997 MiB, 402.82 W, 65, 2842 MHz, 13801 MHz
2026/09/06 16:31:34.485, 95 %, 27997 MiB, 402.82 W, 65, 2842 MHz, 13801 MHz
2026/09/06 16:31:34.735, 94 %, 27997 MiB, 402.76 W, 65, 2842 MHz, 13801 MHz
2026/09/06 16:31:34.985, 94 %, 27997 MiB, 402.76 W, 65, 2842 MHz, 13801 MHz
2026/09/06 16:31:35.235, 94 %, 27997 MiB, 402.66 W, 65, 2842 MHz, 13801 MHz
2026/09/06 16:31:35.486, 94 %, 27997 MiB, 402.66 W, 65, 2842 MHz, 13801 MHz
2026/09/06 16:31:35.736, 94 %, 27997 MiB, 402.66 W, 65, 2842 MHz, 13801 MHz
2026/09/06 16:31:35.986, 94 %, 27997 MiB, 402.66 W, 65, 2842 MHz, 13801 MHz
2026/09/06 16:31:36.236, 94 %, 27997 MiB, 403.14 W, 65, 2842 MHz, 13801 MHz
2026/09/06 16:31:36.487, 94 %, 27997 MiB, 403.14 W, 65, 2842 MHz, 13801 MHz
2026/09/06 16:31:36.737, 95 %, 27997 MiB, 403.20 W, 65, 2842 MHz, 13801 MHz
2026/09/06 16:31:36.987, 95 %, 27997 MiB, 403.20 W, 65, 2842 MHz, 13801 MHz
2026/09/06 16:31:37.237, 95 %, 27997 MiB, 402.88 W, 65, 2842 MHz, 13801 MHz
2026/09/06 16:31:37.487, 95 %, 27997 MiB, 402.88 W, 65, 2842 MHz, 13801 MHz
2026/09/06 16:31:37.737, 95 %, 27997 MiB, 402.74 W, 65, 2842 MHz, 13801 MHz
2026/09/06 16:31:37.987, 95 %, 27997 MiB, 402.74 W, 65, 2842 MHz, 13801 MHz
2026/09/06 16:31:38.238, 95 %, 27997 MiB, 402.51 W, 66, 2842 MHz, 13801 MHz
2026/09/06 16:31:38.488, 95 %, 27997 MiB, 402.51 W, 66, 2842 MHz, 13801 MHz
2026/09/06 16:31:38.738, 94 %, 27997 MiB, 402.57 W, 66, 2842 MHz, 13801 MHz
2026/09/06 16:31:38.988, 94 %, 27997 MiB, 402.57 W, 66, 2842 MHz, 13801 MHz
2026/09/06 16:31:39.238, 94 %, 27997 MiB, 403.29 W, 66, 2842 MHz, 13801 MHz
2026/09/06 16:31:39.488, 94 %, 27997 MiB, 403.29 W, 66, 2842 MHz, 13801 MHz
2026/09/06 16:31:39.738, 94 %, 27997 MiB, 403.83 W, 65, 2842 MHz, 13801 MHz
2026/09/06 16:31:39.988, 94 %, 27997 MiB, 403.83 W, 65, 2842 MHz, 13801 MHz
2026/09/06 16:31:40.239, 94 %, 27997 MiB, 403.82 W, 66, 2842 MHz, 13801 MHz
2026/09/06 16:31:40.489, 94 %, 27997 MiB, 403.82 W, 66, 2842 MHz, 13801 MHz
2026/09/06 16:31:40.739, 94 %, 27997 MiB, 403.84 W, 66, 2842 MHz, 13801 MHz
2026/09/06 16:31:40.989, 94 %, 27997 MiB, 403.84 W, 66, 2842 MHz, 13801 MHz
2026/09/06 16:31:41.239, 94 %, 27997 MiB, 403.68 W, 66, 2842 MHz, 13801 MHz
2026/09/06 16:31:41.489, 94 %, 27997 MiB, 403.68 W, 66, 2842 MHz, 13801 MHz
2026/09/06 16:31:41.739, 94 %, 27997 MiB, 404.18 W, 66, 2842 MHz, 13801 MHz
2026/09/06 16:31:41.990, 94 %, 27997 MiB, 404.18 W, 66, 2842 MHz, 13801 MHz
2026/09/06 16:31:42.240, 94 %, 27997 MiB, 404.32 W, 66, 2842 MHz, 13801 MHz
2026/09/06 16:31:42.490, 94 %, 27997 MiB, 404.32 W, 66, 2842 MHz, 13801 MHz
2026/09/06 16:31:42.740, 95 %, 27997 MiB, 404.35 W, 66, 2842 MHz, 13801 MHz
2026/09/06 16:31:42.990, 95 %, 27997 MiB, 404.35 W, 66, 2842 MHz, 13801 MHz
2026/09/06 16:31:43.241, 95 %, 27997 MiB, 404.21 W, 66, 2842 MHz, 13801 MHz
2026/09/06 16:31:43.491, 95 %, 27997 MiB, 404.21 W, 66, 2842 MHz, 13801 MHz
2026/09/06 16:31:43.741, 95 %, 27997 MiB, 404.41 W, 66, 2842 MHz, 13801 MHz
2026/09/06 16:31:43.991, 95 %, 27997 MiB, 404.41 W, 66, 2842 MHz, 13801 MHz
2026/09/06 16:31:44.241, 95 %, 27997 MiB, 404.57 W, 66, 2842 MHz, 13801 MHz
2026/09/06 16:31:44.491, 95 %, 27997 MiB, 404.57 W, 66, 2842 MHz, 13801 MHz
2026/09/06 16:31:44.741, 95 %, 27997 MiB, 404.44 W, 66, 2842 MHz, 13801 MHz
2026/09/06 16:31:44.992, 95 %, 27997 MiB, 404.44 W, 66, 2842 MHz, 13801 MHz
2026/09/06 16:31:45.243, 95 %, 27997 MiB, 404.52 W, 66, 2842 MHz, 13801 MHz
2026/09/06 16:31:45.493, 95 %, 27997 MiB, 404.52 W, 66, 2842 MHz, 13801 MHz
2026/09/06 16:31:45.743, 94 %, 27997 MiB, 404.26 W, 66, 2842 MHz, 13801 MHz
2026/09/06 16:31:45.993, 94 %, 27997 MiB, 404.26 W, 66, 2842 MHz, 13801 MHz
2026/09/06 16:31:46.243, 94 %, 27997 MiB, 404.34 W, 66, 2842 MHz, 13801 MHz
2026/09/06 16:31:46.493, 94 %, 27997 MiB, 404.34 W, 66, 2842 MHz, 13801 MHz
2026/09/06 16:31:46.743, 94 %, 27997 MiB, 404.76 W, 66, 2842 MHz, 13801 MHz
2026/09/06 16:31:46.994, 94 %, 27997 MiB, 404.76 W, 66, 2842 MHz, 13801 MHz
2026/09/06 16:31:47.244, 94 %, 27997 MiB, 405.01 W, 66, 2842 MHz, 13801 MHz
2026/09/06 16:31:47.494, 94 %, 27997 MiB, 405.01 W, 66, 2842 MHz, 13801 MHz
2026/09/06 16:31:47.744, 95 %, 27997 MiB, 405.04 W, 66, 2842 MHz, 13801 MHz
2026/09/06 16:31:47.994, 95 %, 27997 MiB, 405.04 W, 66, 2842 MHz, 13801 MHz
2026/09/06 16:31:48.244, 95 %, 27997 MiB, 404.77 W, 66, 2842 MHz, 13801 MHz
2026/09/06 16:31:48.494, 95 %, 27997 MiB, 404.77 W, 66, 2842 MHz, 13801 MHz
2026/09/06 16:31:48.745, 95 %, 27997 MiB, 404.60 W, 66, 2842 MHz, 13801 MHz
2026/09/06 16:31:48.995, 95 %, 27997 MiB, 404.60 W, 66, 2842 MHz, 13801 MHz
2026/09/06 16:31:49.245, 95 %, 27997 MiB, 404.64 W, 66, 2842 MHz, 13801 MHz
2026/09/06 16:31:49.495, 95 %, 27997 MiB, 404.64 W, 66, 2842 MHz, 13801 MHz
2026/09/06 16:31:49.745, 95 %, 27997 MiB, 405.00 W, 66, 2842 MHz, 13801 MHz
2026/09/06 16:31:49.995, 95 %, 27997 MiB, 405.00 W, 66, 2842 MHz, 13801 MHz
2026/09/06 16:31:50.245, 95 %, 27997 MiB, 405.20 W, 66, 2842 MHz, 13801 MHz
2026/09/06 16:31:50.496, 95 %, 27997 MiB, 405.20 W, 66, 2842 MHz, 13801 MHz
2026/09/06 16:31:50.746, 94 %, 27997 MiB, 405.28 W, 66, 2842 MHz, 13801 MHz
2026/09/06 16:31:50.996, 94 %, 27997 MiB, 405.28 W, 66, 2842 MHz, 13801 MHz
2026/09/06 16:31:51.246, 94 %, 27997 MiB, 405.03 W, 66, 2842 MHz, 13801 MHz
2026/09/06 16:31:51.496, 94 %, 27997 MiB, 405.03 W, 66, 2842 MHz, 13801 MHz
2026/09/06 16:31:51.746, 94 %, 27997 MiB, 405.30 W, 66, 2842 MHz, 13801 MHz
2026/09/06 16:31:51.997, 94 %, 27997 MiB, 405.30 W, 66, 2842 MHz, 13801 MHz
2026/09/06 16:31:52.247, 94 %, 27997 MiB, 405.08 W, 66, 2842 MHz, 13801 MHz
2026/09/06 16:31:52.497, 94 %, 27997 MiB, 405.08 W, 66, 2842 MHz, 13801 MHz
2026/09/06 16:31:52.747, 95 %, 27997 MiB, 405.24 W, 66, 2842 MHz, 13801 MHz
2026/09/06 16:31:52.997, 95 %, 27997 MiB, 405.24 W, 66, 2842 MHz, 13801 MHz
2026/09/06 16:31:53.248, 95 %, 27997 MiB, 405.20 W, 66, 2842 MHz, 13801 MHz
2026/09/06 16:31:53.498, 95 %, 27997 MiB, 405.20 W, 66, 2842 MHz, 13801 MHz
2026/09/06 16:31:53.748, 95 %, 27997 MiB, 405.32 W, 66, 2842 MHz, 13801 MHz
2026/09/06 16:31:53.998, 95 %, 27997 MiB, 405.32 W, 66, 2842 MHz, 13801 MHz
2026/09/06 16:31:54.249, 95 %, 27997 MiB, 405.17 W, 66, 2842 MHz, 13801 MHz
2026/09/06 16:31:54.499, 95 %, 27997 MiB, 405.17 W, 66, 2842 MHz, 13801 MHz
2026/09/06 16:31:54.749, 94 %, 27997 MiB, 405.29 W, 66, 2842 MHz, 13801 MHz
2026/09/06 16:31:54.999, 94 %, 27997 MiB, 405.29 W, 66, 2842 MHz, 13801 MHz
2026/09/06 16:31:55.250, 94 %, 27997 MiB, 405.51 W, 66, 2842 MHz, 13801 MHz
2026/09/06 16:31:55.500, 94 %, 27997 MiB, 405.51 W, 66, 2842 MHz, 13801 MHz
2026/09/06 16:31:55.750, 94 %, 27997 MiB, 405.97 W, 67, 2842 MHz, 13801 MHz
2026/09/06 16:31:56.000, 94 %, 27997 MiB, 405.97 W, 67, 2842 MHz, 13801 MHz
2026/09/06 16:31:56.251, 94 %, 27997 MiB, 406.01 W, 67, 2842 MHz, 13801 MHz
2026/09/06 16:31:56.501, 94 %, 27997 MiB, 406.01 W, 67, 2842 MHz, 13801 MHz
2026/09/06 16:31:56.751, 95 %, 27997 MiB, 406.30 W, 67, 2842 MHz, 13801 MHz
2026/09/06 16:31:57.001, 95 %, 27997 MiB, 406.30 W, 67, 2842 MHz, 13801 MHz
2026/09/06 16:31:57.251, 95 %, 27997 MiB, 406.39 W, 67, 2842 MHz, 13801 MHz
2026/09/06 16:31:57.502, 95 %, 27997 MiB, 406.39 W, 67, 2842 MHz, 13801 MHz
2026/09/06 16:31:57.752, 95 %, 27997 MiB, 406.20 W, 67, 2842 MHz, 13801 MHz
2026/09/06 16:31:58.002, 95 %, 27997 MiB, 406.20 W, 67, 2842 MHz, 13801 MHz
2026/09/06 16:31:58.252, 95 %, 27997 MiB, 406.10 W, 67, 2842 MHz, 13801 MHz
2026/09/06 16:31:58.502, 95 %, 27997 MiB, 406.10 W, 67, 2842 MHz, 13801 MHz
2026/09/06 16:31:58.753, 95 %, 27997 MiB, 406.18 W, 67, 2842 MHz, 13801 MHz
2026/09/06 16:31:59.003, 95 %, 27997 MiB, 406.18 W, 67, 2842 MHz, 13801 MHz
2026/09/06 16:31:59.253, 95 %, 27997 MiB, 406.30 W, 67, 2842 MHz, 13801 MHz
2026/09/06 16:31:59.503, 95 %, 27997 MiB, 406.30 W, 67, 2842 MHz, 13801 MHz
2026/09/06 16:31:59.754, 94 %, 27997 MiB, 406.49 W, 67, 2842 MHz, 13801 MHz
2026/09/06 16:32:00.004, 94 %, 27997 MiB, 406.49 W, 67, 2842 MHz, 13801 MHz
2026/09/06 16:32:00.254, 94 %, 27997 MiB, 406.60 W, 67, 2842 MHz, 13801 MHz
2026/09/06 16:32:00.504, 94 %, 27997 MiB, 406.60 W, 67, 2842 MHz, 13801 MHz
2026/09/06 16:32:00.754, 94 %, 27997 MiB, 406.47 W, 67, 2842 MHz, 13801 MHz
2026/09/06 16:32:01.005, 94 %, 27997 MiB, 406.47 W, 67, 2842 MHz, 13801 MHz
2026/09/06 16:32:01.255, 94 %, 27997 MiB, 406.14 W, 67, 2842 MHz, 13801 MHz
2026/09/06 16:32:01.505, 94 %, 27997 MiB, 406.14 W, 67, 2842 MHz, 13801 MHz
2026/09/06 16:32:01.755, 94 %, 27997 MiB, 406.38 W, 67, 2842 MHz, 13801 MHz
2026/09/06 16:32:02.005, 94 %, 27997 MiB, 406.38 W, 67, 2842 MHz, 13801 MHz
2026/09/06 16:32:02.256, 94 %, 27997 MiB, 406.35 W, 67, 2842 MHz, 13801 MHz
2026/09/06 16:32:02.506, 94 %, 27997 MiB, 406.35 W, 67, 2842 MHz, 13801 MHz
2026/09/06 16:32:02.756, 95 %, 27997 MiB, 406.54 W, 67, 2842 MHz, 13801 MHz
2026/09/06 16:32:03.006, 95 %, 27997 MiB, 406.54 W, 67, 2842 MHz, 13801 MHz
2026/09/06 16:32:03.256, 95 %, 27997 MiB, 406.85 W, 67, 2842 MHz, 13801 MHz
2026/09/06 16:32:03.507, 95 %, 27997 MiB, 406.85 W, 67, 2842 MHz, 13801 MHz
2026/09/06 16:32:03.757, 95 %, 27997 MiB, 406.57 W, 67, 2842 MHz, 13801 MHz
2026/09/06 16:32:04.007, 95 %, 27997 MiB, 406.57 W, 67, 2842 MHz, 13801 MHz
2026/09/06 16:32:04.257, 95 %, 27997 MiB, 406.71 W, 67, 2842 MHz, 13801 MHz
2026/09/06 16:32:04.508, 95 %, 27997 MiB, 406.71 W, 67, 2842 MHz, 13801 MHz
2026/09/06 16:32:04.758, 94 %, 27997 MiB, 406.90 W, 67, 2842 MHz, 13801 MHz
2026/09/06 16:32:05.008, 94 %, 27997 MiB, 406.90 W, 67, 2842 MHz, 13801 MHz
2026/09/06 16:32:05.258, 94 %, 27997 MiB, 407.11 W, 67, 2842 MHz, 13801 MHz
2026/09/06 16:32:05.508, 94 %, 27997 MiB, 407.11 W, 67, 2842 MHz, 13801 MHz
2026/09/06 16:32:05.759, 94 %, 27997 MiB, 407.28 W, 67, 2842 MHz, 13801 MHz
2026/09/06 16:32:06.009, 94 %, 27997 MiB, 407.28 W, 67, 2842 MHz, 13801 MHz
2026/09/06 16:32:06.259, 94 %, 27997 MiB, 407.31 W, 67, 2842 MHz, 13801 MHz
2026/09/06 16:32:06.509, 94 %, 27997 MiB, 407.31 W, 67, 2842 MHz, 13801 MHz
2026/09/06 16:32:06.760, 94 %, 27997 MiB, 407.48 W, 67, 2842 MHz, 13801 MHz
2026/09/06 16:32:07.010, 94 %, 27997 MiB, 407.48 W, 67, 2842 MHz, 13801 MHz
2026/09/06 16:32:07.260, 94 %, 27997 MiB, 407.46 W, 67, 2842 MHz, 13801 MHz
2026/09/06 16:32:07.510, 94 %, 27997 MiB, 407.46 W, 67, 2842 MHz, 13801 MHz
2026/09/06 16:32:07.760, 95 %, 27997 MiB, 407.82 W, 67, 2842 MHz, 13801 MHz
2026/09/06 16:32:08.011, 95 %, 27997 MiB, 407.82 W, 67, 2842 MHz, 13801 MHz
2026/09/06 16:32:08.261, 95 %, 27997 MiB, 407.88 W, 67, 2842 MHz, 13801 MHz
2026/09/06 16:32:08.511, 95 %, 27997 MiB, 407.88 W, 67, 2842 MHz, 13801 MHz
2026/09/06 16:32:08.761, 94 %, 27997 MiB, 407.47 W, 67, 2842 MHz, 13801 MHz
2026/09/06 16:32:09.012, 94 %, 27997 MiB, 407.47 W, 67, 2842 MHz, 13801 MHz
2026/09/06 16:32:09.262, 94 %, 27997 MiB, 407.60 W, 67, 2842 MHz, 13801 MHz
2026/09/06 16:32:09.512, 94 %, 27997 MiB, 407.60 W, 67, 2842 MHz, 13801 MHz
2026/09/06 16:32:09.762, 95 %, 27997 MiB, 407.95 W, 67, 2842 MHz, 13801 MHz
2026/09/06 16:32:10.012, 95 %, 27997 MiB, 407.95 W, 67, 2842 MHz, 13801 MHz
2026/09/06 16:32:10.262, 95 %, 27997 MiB, 408.04 W, 67, 2842 MHz, 13801 MHz
2026/09/06 16:32:10.512, 95 %, 27997 MiB, 408.04 W, 67, 2842 MHz, 13801 MHz
2026/09/06 16:32:10.763, 94 %, 27997 MiB, 408.04 W, 67, 2842 MHz, 13801 MHz
2026/09/06 16:32:11.013, 94 %, 27997 MiB, 408.04 W, 67, 2842 MHz, 13801 MHz
2026/09/06 16:32:11.263, 94 %, 27997 MiB, 408.10 W, 67, 2842 MHz, 13801 MHz
2026/09/06 16:32:11.513, 94 %, 27997 MiB, 408.10 W, 67, 2842 MHz, 13801 MHz
2026/09/06 16:32:11.763, 95 %, 27997 MiB, 408.30 W, 67, 2842 MHz, 13801 MHz
2026/09/06 16:32:12.013, 95 %, 27997 MiB, 408.30 W, 67, 2842 MHz, 13801 MHz
2026/09/06 16:32:12.263, 95 %, 27997 MiB, 408.39 W, 68, 2842 MHz, 13801 MHz
2026/09/06 16:32:12.513, 95 %, 27997 MiB, 408.39 W, 68, 2842 MHz, 13801 MHz
2026/09/06 16:32:12.764, 95 %, 27997 MiB, 408.52 W, 68, 2842 MHz, 13801 MHz
2026/09/06 16:32:13.014, 95 %, 27997 MiB, 408.52 W, 68, 2842 MHz, 13801 MHz
2026/09/06 16:32:13.264, 95 %, 27997 MiB, 408.78 W, 67, 2842 MHz, 13801 MHz
2026/09/06 16:32:13.514, 95 %, 27997 MiB, 408.78 W, 67, 2842 MHz, 13801 MHz
2026/09/06 16:32:13.765, 94 %, 27997 MiB, 408.69 W, 67, 2842 MHz, 13801 MHz
2026/09/06 16:32:14.015, 94 %, 27997 MiB, 408.69 W, 67, 2842 MHz, 13801 MHz
2026/09/06 16:32:14.265, 94 %, 27997 MiB, 408.27 W, 68, 2842 MHz, 13801 MHz
2026/09/06 16:32:14.515, 94 %, 27997 MiB, 408.27 W, 68, 2842 MHz, 13801 MHz
2026/09/06 16:32:14.765, 95 %, 27997 MiB, 408.14 W, 68, 2842 MHz, 13801 MHz
2026/09/06 16:32:15.015, 95 %, 27997 MiB, 408.14 W, 68, 2842 MHz, 13801 MHz
2026/09/06 16:32:15.265, 95 %, 27997 MiB, 408.16 W, 68, 2842 MHz, 13801 MHz
2026/09/06 16:32:15.516, 95 %, 27997 MiB, 408.16 W, 68, 2842 MHz, 13801 MHz
2026/09/06 16:32:15.766, 94 %, 27997 MiB, 408.27 W, 68, 2842 MHz, 13801 MHz
2026/09/06 16:32:16.016, 94 %, 27997 MiB, 408.27 W, 68, 2842 MHz, 13801 MHz
2026/09/06 16:32:16.266, 94 %, 27997 MiB, 408.48 W, 67, 2842 MHz, 13801 MHz
2026/09/06 16:32:16.516, 94 %, 27997 MiB, 408.48 W, 67, 2842 MHz, 13801 MHz
2026/09/06 16:32:16.766, 94 %, 27997 MiB, 408.52 W, 68, 2842 MHz, 13801 MHz
2026/09/06 16:32:17.016, 94 %, 27997 MiB, 408.52 W, 68, 2842 MHz, 13801 MHz
2026/09/06 16:32:17.267, 94 %, 27997 MiB, 408.09 W, 68, 2842 MHz, 13801 MHz
2026/09/06 16:32:17.517, 94 %, 27997 MiB, 408.09 W, 68, 2842 MHz, 13801 MHz
2026/09/06 16:32:17.767, 95 %, 27997 MiB, 408.18 W, 68, 2842 MHz, 13801 MHz
2026/09/06 16:32:18.017, 95 %, 27997 MiB, 408.18 W, 68, 2842 MHz, 13801 MHz
2026/09/06 16:32:18.267, 95 %, 27997 MiB, 408.66 W, 68, 2842 MHz, 13801 MHz
2026/09/06 16:32:18.517, 95 %, 27997 MiB, 408.66 W, 68, 2842 MHz, 13801 MHz
2026/09/06 16:32:18.767, 95 %, 27997 MiB, 408.63 W, 68, 2842 MHz, 13801 MHz
2026/09/06 16:32:19.018, 95 %, 27997 MiB, 408.63 W, 68, 2842 MHz, 13801 MHz
2026/09/06 16:32:19.268, 95 %, 27997 MiB, 408.49 W, 67, 2842 MHz, 13801 MHz
2026/09/06 16:32:19.518, 95 %, 27997 MiB, 408.49 W, 67, 2842 MHz, 13801 MHz
2026/09/06 16:32:19.768, 94 %, 27997 MiB, 408.69 W, 68, 2842 MHz, 13801 MHz
2026/09/06 16:32:20.018, 94 %, 27997 MiB, 408.69 W, 68, 2842 MHz, 13801 MHz
2026/09/06 16:32:20.268, 94 %, 27997 MiB, 408.80 W, 68, 2842 MHz, 13801 MHz
2026/09/06 16:32:20.518, 94 %, 27997 MiB, 408.80 W, 68, 2842 MHz, 13801 MHz
2026/09/06 16:32:20.769, 95 %, 27997 MiB, 408.77 W, 68, 2842 MHz, 13801 MHz
2026/09/06 16:32:21.019, 95 %, 27997 MiB, 408.77 W, 68, 2842 MHz, 13801 MHz
2026/09/06 16:32:21.269, 95 %, 27997 MiB, 408.58 W, 68, 2842 MHz, 13801 MHz
2026/09/06 16:32:21.519, 95 %, 27997 MiB, 408.58 W, 68, 2842 MHz, 13801 MHz
2026/09/06 16:32:21.769, 95 %, 27997 MiB, 408.62 W, 68, 2842 MHz, 13801 MHz
2026/09/06 16:32:22.019, 95 %, 27997 MiB, 408.62 W, 68, 2842 MHz, 13801 MHz
2026/09/06 16:32:22.269, 95 %, 27997 MiB, 408.63 W, 68, 2842 MHz, 13801 MHz
2026/09/06 16:32:22.519, 95 %, 27997 MiB, 408.63 W, 68, 2842 MHz, 13801 MHz
2026/09/06 16:32:22.770, 94 %, 27997 MiB, 408.77 W, 68, 2842 MHz, 13801 MHz
2026/09/06 16:32:23.020, 94 %, 27997 MiB, 408.77 W, 68, 2842 MHz, 13801 MHz
2026/09/06 16:32:23.270, 94 %, 27997 MiB, 408.82 W, 68, 2842 MHz, 13801 MHz
2026/09/06 16:32:23.520, 94 %, 27997 MiB, 408.82 W, 68, 2842 MHz, 13801 MHz
2026/09/06 16:32:23.770, 95 %, 27997 MiB, 409.02 W, 68, 2842 MHz, 13801 MHz
2026/09/06 16:32:24.020, 95 %, 27997 MiB, 409.02 W, 68, 2842 MHz, 13801 MHz
2026/09/06 16:32:24.270, 95 %, 27997 MiB, 409.36 W, 68, 2842 MHz, 13801 MHz
2026/09/06 16:32:24.520, 95 %, 27997 MiB, 409.36 W, 68, 2842 MHz, 13801 MHz
2026/09/06 16:32:24.771, 95 %, 27997 MiB, 409.40 W, 68, 2842 MHz, 13801 MHz
2026/09/06 16:32:25.021, 95 %, 27997 MiB, 409.40 W, 68, 2842 MHz, 13801 MHz
2026/09/06 16:32:25.271, 95 %, 27997 MiB, 409.35 W, 68, 2842 MHz, 13801 MHz
2026/09/06 16:32:25.521, 95 %, 27997 MiB, 409.35 W, 68, 2842 MHz, 13801 MHz
2026/09/06 16:32:25.771, 94 %, 27997 MiB, 409.28 W, 68, 2842 MHz, 13801 MHz
2026/09/06 16:32:26.021, 94 %, 27997 MiB, 409.28 W, 68, 2842 MHz, 13801 MHz
2026/09/06 16:32:26.271, 94 %, 27997 MiB, 409.10 W, 68, 2842 MHz, 13801 MHz
2026/09/06 16:32:26.522, 94 %, 27997 MiB, 409.10 W, 68, 2842 MHz, 13801 MHz
2026/09/06 16:32:26.772, 95 %, 27997 MiB, 409.12 W, 68, 2842 MHz, 13801 MHz
2026/09/06 16:32:27.022, 95 %, 27997 MiB, 409.12 W, 68, 2842 MHz, 13801 MHz
2026/09/06 16:32:27.272, 95 %, 27997 MiB, 409.03 W, 68, 2842 MHz, 13801 MHz
2026/09/06 16:32:27.522, 95 %, 27997 MiB, 409.03 W, 68, 2842 MHz, 13801 MHz
2026/09/06 16:32:27.773, 95 %, 27997 MiB, 409.05 W, 68, 2842 MHz, 13801 MHz
2026/09/06 16:32:28.023, 95 %, 27997 MiB, 409.05 W, 68, 2842 MHz, 13801 MHz
2026/09/06 16:32:28.273, 95 %, 27997 MiB, 409.17 W, 68, 2842 MHz, 13801 MHz
2026/09/06 16:32:28.523, 95 %, 27997 MiB, 409.17 W, 68, 2842 MHz, 13801 MHz
2026/09/06 16:32:28.774, 94 %, 27997 MiB, 409.15 W, 68, 2842 MHz, 13801 MHz
2026/09/06 16:32:29.024, 94 %, 27997 MiB, 409.15 W, 68, 2842 MHz, 13801 MHz
2026/09/06 16:32:29.274, 94 %, 27997 MiB, 409.21 W, 68, 2842 MHz, 13801 MHz
2026/09/06 16:32:29.524, 94 %, 27997 MiB, 409.21 W, 68, 2842 MHz, 13801 MHz
2026/09/06 16:32:29.774, 94 %, 27997 MiB, 409.05 W, 68, 2842 MHz, 13801 MHz
2026/09/06 16:32:30.025, 94 %, 27997 MiB, 409.05 W, 68, 2842 MHz, 13801 MHz
2026/09/06 16:32:30.275, 94 %, 27997 MiB, 408.64 W, 68, 2842 MHz, 13801 MHz
2026/09/06 16:32:30.525, 94 %, 27997 MiB, 408.64 W, 68, 2842 MHz, 13801 MHz
2026/09/06 16:32:30.775, 95 %, 27997 MiB, 408.92 W, 68, 2842 MHz, 13801 MHz
2026/09/06 16:32:31.026, 95 %, 27997 MiB, 408.92 W, 68, 2842 MHz, 13801 MHz
2026/09/06 16:32:31.276, 95 %, 27997 MiB, 408.84 W, 68, 2842 MHz, 13801 MHz
2026/09/06 16:32:31.526, 95 %, 27997 MiB, 408.84 W, 68, 2842 MHz, 13801 MHz
2026/09/06 16:32:31.776, 95 %, 27997 MiB, 409.11 W, 68, 2842 MHz, 13801 MHz
2026/09/06 16:32:32.027, 95 %, 27997 MiB, 409.11 W, 68, 2842 MHz, 13801 MHz
2026/09/06 16:32:32.277, 95 %, 27997 MiB, 409.60 W, 68, 2842 MHz, 13801 MHz
2026/09/06 16:32:32.527, 95 %, 27997 MiB, 409.60 W, 68, 2842 MHz, 13801 MHz
2026/09/06 16:32:32.777, 94 %, 27997 MiB, 409.56 W, 68, 2842 MHz, 13801 MHz
2026/09/06 16:32:33.027, 94 %, 27997 MiB, 409.56 W, 68, 2842 MHz, 13801 MHz
2026/09/06 16:32:33.278, 94 %, 27997 MiB, 409.24 W, 68, 2842 MHz, 13801 MHz
2026/09/06 16:32:33.528, 94 %, 27997 MiB, 409.24 W, 68, 2842 MHz, 13801 MHz
2026/09/06 16:32:33.778, 95 %, 27997 MiB, 409.28 W, 68, 2842 MHz, 13801 MHz
2026/09/06 16:32:34.028, 95 %, 27997 MiB, 409.28 W, 68, 2842 MHz, 13801 MHz
2026/09/06 16:32:34.279, 95 %, 27997 MiB, 409.49 W, 68, 2842 MHz, 13801 MHz
2026/09/06 16:32:34.529, 95 %, 27997 MiB, 409.49 W, 68, 2842 MHz, 13801 MHz
2026/09/06 16:32:34.779, 95 %, 27997 MiB, 408.99 W, 68, 2842 MHz, 13801 MHz
2026/09/06 16:32:35.029, 95 %, 27997 MiB, 408.99 W, 68, 2842 MHz, 13801 MHz
2026/09/06 16:32:35.279, 95 %, 27997 MiB, 408.88 W, 68, 2842 MHz, 13801 MHz
2026/09/06 16:32:35.530, 95 %, 27997 MiB, 408.88 W, 68, 2842 MHz, 13801 MHz
2026/09/06 16:32:35.780, 95 %, 27997 MiB, 409.20 W, 68, 2842 MHz, 13801 MHz
2026/09/06 16:32:36.030, 95 %, 27997 MiB, 409.20 W, 68, 2842 MHz, 13801 MHz
2026/09/06 16:32:36.280, 95 %, 27997 MiB, 409.28 W, 68, 2842 MHz, 13801 MHz
2026/09/06 16:32:36.530, 95 %, 27997 MiB, 409.28 W, 68, 2842 MHz, 13801 MHz
2026/09/06 16:32:36.781, 95 %, 27997 MiB, 409.45 W, 68, 2842 MHz, 13801 MHz
2026/09/06 16:32:37.031, 95 %, 27997 MiB, 409.45 W, 68, 2842 MHz, 13801 MHz
2026/09/06 16:32:37.281, 95 %, 27997 MiB, 409.54 W, 68, 2842 MHz, 13801 MHz
2026/09/06 16:32:37.531, 95 %, 27997 MiB, 409.54 W, 68, 2842 MHz, 13801 MHz
2026/09/06 16:32:37.781, 94 %, 27997 MiB, 409.36 W, 68, 2842 MHz, 13801 MHz
2026/09/06 16:32:38.032, 94 %, 27997 MiB, 409.36 W, 68, 2842 MHz, 13801 MHz
2026/09/06 16:32:38.282, 94 %, 27997 MiB, 409.27 W, 68, 2842 MHz, 13801 MHz
2026/09/06 16:32:38.532, 94 %, 27997 MiB, 409.27 W, 68, 2842 MHz, 13801 MHz
2026/09/06 16:32:38.782, 94 %, 27997 MiB, 409.20 W, 68, 2842 MHz, 13801 MHz
2026/09/06 16:32:39.032, 94 %, 27997 MiB, 409.20 W, 68, 2842 MHz, 13801 MHz
2026/09/06 16:32:39.282, 94 %, 27997 MiB, 409.25 W, 68, 2842 MHz, 13801 MHz
2026/09/06 16:32:39.532, 94 %, 27997 MiB, 409.25 W, 68, 2842 MHz, 13801 MHz
2026/09/06 16:32:39.783, 94 %, 27997 MiB, 409.40 W, 68, 2842 MHz, 13801 MHz
2026/09/06 16:32:40.033, 94 %, 27997 MiB, 409.40 W, 68, 2842 MHz, 13801 MHz
2026/09/06 16:32:40.283, 94 %, 27997 MiB, 409.64 W, 68, 2842 MHz, 13801 MHz
2026/09/06 16:32:40.533, 94 %, 27997 MiB, 409.64 W, 68, 2842 MHz, 13801 MHz
2026/09/06 16:32:40.783, 94 %, 27997 MiB, 409.75 W, 68, 2842 MHz, 13801 MHz
2026/09/06 16:32:41.033, 94 %, 27997 MiB, 409.75 W, 68, 2842 MHz, 13801 MHz
2026/09/06 16:32:41.284, 94 %, 27997 MiB, 409.70 W, 68, 2842 MHz, 13801 MHz
2026/09/06 16:32:41.534, 94 %, 27997 MiB, 409.70 W, 68, 2842 MHz, 13801 MHz
2026/09/06 16:32:41.784, 93 %, 27997 MiB, 406.40 W, 68, 2842 MHz, 13801 MHz
2026/09/06 16:32:42.035, 93 %, 27997 MiB, 406.40 W, 68, 2842 MHz, 13801 MHz
2026/09/06 16:32:42.287, 93 %, 27997 MiB, 406.07 W, 68, 2842 MHz, 13801 MHz
2026/09/06 16:32:42.537, 93 %, 27997 MiB, 406.07 W, 68, 2842 MHz, 13801 MHz
2026/09/06 16:32:42.787, 94 %, 27997 MiB, 409.68 W, 68, 2842 MHz, 13801 MHz
2026/09/06 16:32:43.038, 94 %, 27997 MiB, 409.68 W, 68, 2842 MHz, 13801 MHz
2026/09/06 16:32:43.288, 94 %, 27997 MiB, 410.13 W, 68, 2842 MHz, 13801 MHz
2026/09/06 16:32:43.538, 94 %, 27997 MiB, 410.13 W, 68, 2842 MHz, 13801 MHz
2026/09/06 16:32:43.789, 94 %, 27997 MiB, 410.01 W, 68, 2842 MHz, 13801 MHz
2026/09/06 16:32:44.039, 94 %, 27997 MiB, 410.01 W, 68, 2842 MHz, 13801 MHz
2026/09/06 16:32:44.289, 94 %, 27997 MiB, 410.70 W, 68, 2842 MHz, 13801 MHz
2026/09/06 16:32:44.539, 94 %, 27997 MiB, 410.70 W, 68, 2842 MHz, 13801 MHz
2026/09/06 16:32:44.790, 94 %, 27997 MiB, 410.82 W, 68, 2842 MHz, 13801 MHz
2026/09/06 16:32:45.040, 94 %, 27997 MiB, 410.82 W, 68, 2842 MHz, 13801 MHz
2026/09/06 16:32:45.290, 94 %, 27997 MiB, 410.49 W, 68, 2842 MHz, 13801 MHz
2026/09/06 16:32:45.540, 94 %, 27997 MiB, 410.49 W, 68, 2842 MHz, 13801 MHz
2026/09/06 16:32:45.791, 95 %, 27997 MiB, 410.79 W, 68, 2842 MHz, 13801 MHz
2026/09/06 16:32:46.041, 95 %, 27997 MiB, 410.79 W, 68, 2842 MHz, 13801 MHz
2026/09/06 16:32:46.292, 95 %, 27997 MiB, 410.87 W, 68, 2842 MHz, 13801 MHz
2026/09/06 16:32:46.542, 95 %, 27997 MiB, 410.87 W, 68, 2842 MHz, 13801 MHz
2026/09/06 16:32:46.793, 95 %, 27997 MiB, 410.75 W, 68, 2842 MHz, 13801 MHz
2026/09/06 16:32:47.043, 95 %, 27997 MiB, 410.75 W, 68, 2842 MHz, 13801 MHz
2026/09/06 16:32:47.293, 95 %, 27997 MiB, 410.62 W, 68, 2842 MHz, 13801 MHz
2026/09/06 16:32:47.543, 95 %, 27997 MiB, 410.62 W, 68, 2842 MHz, 13801 MHz
2026/09/06 16:32:47.793, 95 %, 27997 MiB, 410.79 W, 68, 2842 MHz, 13801 MHz
2026/09/06 16:32:48.044, 95 %, 27997 MiB, 410.79 W, 68, 2842 MHz, 13801 MHz
2026/09/06 16:32:48.294, 95 %, 27997 MiB, 410.04 W, 68, 2842 MHz, 13801 MHz
2026/09/06 16:32:48.544, 95 %, 27997 MiB, 410.04 W, 68, 2842 MHz, 13801 MHz
2026/09/06 16:32:48.795, 94 %, 27997 MiB, 409.18 W, 68, 2842 MHz, 13801 MHz
2026/09/06 16:32:49.045, 94 %, 27997 MiB, 409.18 W, 68, 2842 MHz, 13801 MHz
2026/09/06 16:32:49.295, 94 %, 27997 MiB, 409.34 W, 68, 2842 MHz, 13801 MHz
2026/09/06 16:32:49.545, 94 %, 27997 MiB, 409.34 W, 68, 2842 MHz, 13801 MHz
2026/09/06 16:32:49.796, 95 %, 27997 MiB, 410.97 W, 68, 2842 MHz, 13801 MHz
2026/09/06 16:32:50.046, 95 %, 27997 MiB, 410.97 W, 68, 2842 MHz, 13801 MHz
2026/09/06 16:32:50.296, 95 %, 27997 MiB, 410.97 W, 68, 2842 MHz, 13801 MHz
2026/09/06 16:32:50.546, 95 %, 27997 MiB, 410.97 W, 68, 2842 MHz, 13801 MHz
2026/09/06 16:32:50.796, 95 %, 27997 MiB, 411.42 W, 68, 2842 MHz, 13801 MHz
2026/09/06 16:32:51.047, 95 %, 27997 MiB, 411.42 W, 68, 2842 MHz, 13801 MHz
2026/09/06 16:32:51.297, 95 %, 27997 MiB, 410.98 W, 68, 2835 MHz, 13801 MHz
2026/09/06 16:32:51.547, 95 %, 27997 MiB, 410.98 W, 68, 2835 MHz, 13801 MHz
2026/09/06 16:32:51.797, 95 %, 27997 MiB, 410.57 W, 68, 2835 MHz, 13801 MHz
2026/09/06 16:32:52.048, 95 %, 27997 MiB, 410.57 W, 68, 2835 MHz, 13801 MHz
2026/09/06 16:32:52.298, 95 %, 27997 MiB, 411.02 W, 68, 2842 MHz, 13801 MHz
2026/09/06 16:32:52.548, 95 %, 27997 MiB, 411.02 W, 68, 2842 MHz, 13801 MHz
2026/09/06 16:32:52.798, 94 %, 27997 MiB, 411.00 W, 68, 2820 MHz, 13801 MHz
2026/09/06 16:32:53.049, 94 %, 27997 MiB, 411.00 W, 68, 2820 MHz, 13801 MHz
2026/09/06 16:32:53.299, 94 %, 27997 MiB, 410.50 W, 68, 2820 MHz, 13801 MHz
2026/09/06 16:32:53.549, 94 %, 27997 MiB, 410.50 W, 68, 2820 MHz, 13801 MHz
2026/09/06 16:32:53.799, 94 %, 27997 MiB, 410.43 W, 68, 2812 MHz, 13801 MHz
2026/09/06 16:32:54.049, 94 %, 27997 MiB, 410.43 W, 68, 2812 MHz, 13801 MHz
2026/09/06 16:32:54.300, 94 %, 27997 MiB, 410.26 W, 68, 2812 MHz, 13801 MHz
2026/09/06 16:32:54.550, 94 %, 27997 MiB, 410.26 W, 68, 2812 MHz, 13801 MHz
2026/09/06 16:32:54.800, 95 %, 27997 MiB, 409.73 W, 68, 2827 MHz, 13801 MHz
2026/09/06 16:32:55.052, 95 %, 27997 MiB, 409.73 W, 68, 2827 MHz, 13801 MHz
2026/09/06 16:32:55.302, 95 %, 27997 MiB, 409.98 W, 68, 2812 MHz, 13801 MHz
2026/09/06 16:32:55.553, 95 %, 27997 MiB, 409.98 W, 68, 2812 MHz, 13801 MHz
2026/09/06 16:32:55.803, 94 %, 27997 MiB, 410.40 W, 68, 2812 MHz, 13801 MHz
2026/09/06 16:32:56.053, 94 %, 27997 MiB, 410.40 W, 68, 2812 MHz, 13801 MHz
2026/09/06 16:32:56.303, 94 %, 27997 MiB, 410.48 W, 68, 2812 MHz, 13801 MHz
2026/09/06 16:32:56.553, 94 %, 27997 MiB, 410.48 W, 68, 2812 MHz, 13801 MHz
2026/09/06 16:32:56.804, 94 %, 27997 MiB, 410.45 W, 68, 2812 MHz, 13801 MHz
2026/09/06 16:32:57.054, 94 %, 27997 MiB, 410.45 W, 68, 2812 MHz, 13801 MHz
2026/09/06 16:32:57.304, 94 %, 27997 MiB, 410.48 W, 68, 2812 MHz, 13801 MHz
2026/09/06 16:32:57.554, 94 %, 27997 MiB, 410.48 W, 68, 2812 MHz, 13801 MHz
2026/09/06 16:32:57.805, 95 %, 27997 MiB, 410.57 W, 68, 2812 MHz, 13801 MHz
2026/09/06 16:32:58.055, 95 %, 27997 MiB, 410.57 W, 68, 2812 MHz, 13801 MHz
2026/09/06 16:32:58.305, 95 %, 27997 MiB, 410.46 W, 68, 2812 MHz, 13801 MHz
2026/09/06 16:32:58.555, 95 %, 27997 MiB, 410.46 W, 68, 2812 MHz, 13801 MHz
2026/09/06 16:32:58.806, 95 %, 27997 MiB, 410.46 W, 68, 2827 MHz, 13801 MHz
2026/09/06 16:32:59.056, 95 %, 27997 MiB, 410.46 W, 68, 2827 MHz, 13801 MHz
2026/09/06 16:32:59.306, 95 %, 27997 MiB, 410.46 W, 68, 2812 MHz, 13801 MHz
2026/09/06 16:32:59.556, 95 %, 27997 MiB, 410.46 W, 68, 2812 MHz, 13801 MHz
2026/09/06 16:32:59.807, 94 %, 27997 MiB, 410.72 W, 68, 2842 MHz, 13801 MHz
2026/09/06 16:33:00.057, 94 %, 27997 MiB, 410.72 W, 68, 2842 MHz, 13801 MHz
2026/09/06 16:33:00.307, 94 %, 27997 MiB, 410.48 W, 68, 2812 MHz, 13801 MHz
2026/09/06 16:33:00.557, 94 %, 27997 MiB, 410.48 W, 68, 2812 MHz, 13801 MHz
2026/09/06 16:33:00.808, 95 %, 27997 MiB, 410.39 W, 68, 2820 MHz, 13801 MHz
2026/09/06 16:33:01.058, 95 %, 27997 MiB, 410.39 W, 68, 2820 MHz, 13801 MHz
2026/09/06 16:33:01.308, 95 %, 27997 MiB, 409.62 W, 68, 2812 MHz, 13801 MHz
2026/09/06 16:33:01.558, 95 %, 27997 MiB, 409.62 W, 68, 2812 MHz, 13801 MHz
2026/09/06 16:33:01.808, 94 %, 27997 MiB, 409.44 W, 68, 2812 MHz, 13801 MHz
2026/09/06 16:33:02.059, 94 %, 27997 MiB, 409.44 W, 68, 2812 MHz, 13801 MHz
2026/09/06 16:33:02.309, 94 %, 27997 MiB, 409.55 W, 68, 2812 MHz, 13801 MHz
2026/09/06 16:33:02.559, 94 %, 27997 MiB, 409.55 W, 68, 2812 MHz, 13801 MHz
2026/09/06 16:33:02.809, 95 %, 27997 MiB, 409.93 W, 68, 2812 MHz, 13801 MHz
2026/09/06 16:33:03.059, 95 %, 27997 MiB, 409.93 W, 68, 2812 MHz, 13801 MHz
2026/09/06 16:33:03.310, 95 %, 27997 MiB, 410.30 W, 68, 2820 MHz, 13801 MHz
2026/09/06 16:33:03.560, 95 %, 27997 MiB, 410.30 W, 68, 2820 MHz, 13801 MHz
2026/09/06 16:33:03.810, 95 %, 27997 MiB, 410.33 W, 68, 2812 MHz, 13801 MHz
2026/09/06 16:33:04.061, 95 %, 27997 MiB, 410.33 W, 68, 2812 MHz, 13801 MHz
2026/09/06 16:33:04.311, 95 %, 27997 MiB, 410.52 W, 68, 2827 MHz, 13801 MHz
2026/09/06 16:33:04.561, 95 %, 27997 MiB, 410.52 W, 68, 2827 MHz, 13801 MHz
2026/09/06 16:33:04.811, 94 %, 27997 MiB, 410.50 W, 68, 2820 MHz, 13801 MHz
2026/09/06 16:33:05.062, 94 %, 27997 MiB, 410.50 W, 68, 2820 MHz, 13801 MHz
2026/09/06 16:33:05.312, 94 %, 27997 MiB, 410.51 W, 68, 2812 MHz, 13801 MHz
2026/09/06 16:33:05.562, 94 %, 27997 MiB, 410.51 W, 68, 2812 MHz, 13801 MHz
2026/09/06 16:33:05.812, 95 %, 27997 MiB, 410.69 W, 68, 2820 MHz, 13801 MHz
2026/09/06 16:33:06.063, 95 %, 27997 MiB, 410.69 W, 68, 2820 MHz, 13801 MHz
2026/09/06 16:33:06.313, 95 %, 27997 MiB, 410.56 W, 68, 2820 MHz, 13801 MHz
2026/09/06 16:33:06.563, 95 %, 27997 MiB, 410.56 W, 68, 2820 MHz, 13801 MHz
2026/09/06 16:33:06.813, 95 %, 27997 MiB, 410.47 W, 68, 2812 MHz, 13801 MHz
2026/09/06 16:33:07.063, 95 %, 27997 MiB, 410.47 W, 68, 2812 MHz, 13801 MHz
2026/09/06 16:33:07.314, 95 %, 27997 MiB, 410.53 W, 68, 2812 MHz, 13801 MHz
2026/09/06 16:33:07.564, 95 %, 27997 MiB, 410.53 W, 68, 2812 MHz, 13801 MHz
2026/09/06 16:33:07.814, 94 %, 27997 MiB, 410.64 W, 68, 2820 MHz, 13801 MHz
2026/09/06 16:33:08.065, 94 %, 27997 MiB, 410.64 W, 68, 2820 MHz, 13801 MHz
2026/09/06 16:33:08.315, 94 %, 27997 MiB, 410.33 W, 68, 2820 MHz, 13801 MHz
2026/09/06 16:33:08.565, 94 %, 27997 MiB, 410.33 W, 68, 2820 MHz, 13801 MHz
2026/09/06 16:33:08.815, 95 %, 27997 MiB, 410.38 W, 68, 2812 MHz, 13801 MHz
2026/09/06 16:33:09.065, 95 %, 27997 MiB, 410.38 W, 68, 2812 MHz, 13801 MHz
2026/09/06 16:33:09.316, 95 %, 27997 MiB, 410.98 W, 68, 2842 MHz, 13801 MHz
2026/09/06 16:33:09.566, 95 %, 27997 MiB, 410.98 W, 68, 2842 MHz, 13801 MHz
2026/09/06 16:33:09.816, 95 %, 27997 MiB, 411.39 W, 68, 2835 MHz, 13801 MHz
2026/09/06 16:33:10.066, 95 %, 27997 MiB, 411.39 W, 68, 2835 MHz, 13801 MHz
2026/09/06 16:33:10.317, 95 %, 27997 MiB, 410.67 W, 68, 2812 MHz, 13801 MHz
2026/09/06 16:33:10.567, 95 %, 27997 MiB, 410.67 W, 68, 2812 MHz, 13801 MHz
2026/09/06 16:33:10.817, 94 %, 27997 MiB, 410.52 W, 68, 2820 MHz, 13801 MHz
2026/09/06 16:33:11.067, 94 %, 27997 MiB, 410.52 W, 68, 2820 MHz, 13801 MHz
2026/09/06 16:33:11.318, 94 %, 27997 MiB, 410.73 W, 68, 2812 MHz, 13801 MHz
2026/09/06 16:33:11.568, 94 %, 27997 MiB, 410.73 W, 68, 2812 MHz, 13801 MHz
2026/09/06 16:33:11.818, 95 %, 27997 MiB, 410.50 W, 68, 2812 MHz, 13801 MHz
2026/09/06 16:33:12.068, 95 %, 27997 MiB, 410.50 W, 68, 2812 MHz, 13801 MHz
2026/09/06 16:33:12.318, 95 %, 27997 MiB, 410.56 W, 68, 2820 MHz, 13801 MHz
2026/09/06 16:33:12.569, 95 %, 27997 MiB, 410.56 W, 68, 2820 MHz, 13801 MHz
2026/09/06 16:33:12.819, 95 %, 27997 MiB, 410.31 W, 68, 2827 MHz, 13801 MHz
2026/09/06 16:33:13.069, 95 %, 27997 MiB, 410.31 W, 68, 2827 MHz, 13801 MHz
2026/09/06 16:33:13.319, 95 %, 27997 MiB, 410.48 W, 68, 2842 MHz, 13801 MHz
2026/09/06 16:33:13.570, 95 %, 27997 MiB, 410.48 W, 68, 2842 MHz, 13801 MHz
2026/09/06 16:33:13.820, 94 %, 27997 MiB, 410.80 W, 68, 2842 MHz, 13801 MHz
2026/09/06 16:33:14.070, 94 %, 27997 MiB, 410.80 W, 68, 2842 MHz, 13801 MHz
2026/09/06 16:33:14.320, 94 %, 27997 MiB, 410.37 W, 68, 2820 MHz, 13801 MHz
2026/09/06 16:33:14.571, 94 %, 27997 MiB, 410.37 W, 68, 2820 MHz, 13801 MHz
2026/09/06 16:33:14.822, 95 %, 27997 MiB, 410.03 W, 68, 2812 MHz, 13801 MHz
2026/09/06 16:33:15.073, 95 %, 27997 MiB, 410.03 W, 68, 2820 MHz, 13801 MHz
2026/09/06 16:33:15.323, 95 %, 27997 MiB, 410.20 W, 68, 2820 MHz, 13801 MHz
2026/09/06 16:33:15.573, 95 %, 27997 MiB, 410.23 W, 68, 2812 MHz, 13801 MHz
2026/09/06 16:33:15.823, 95 %, 27997 MiB, 410.23 W, 68, 2812 MHz, 13801 MHz
2026/09/06 16:33:16.073, 95 %, 27997 MiB, 410.35 W, 68, 2820 MHz, 13801 MHz
2026/09/06 16:33:16.324, 95 %, 27997 MiB, 410.35 W, 68, 2820 MHz, 13801 MHz
2026/09/06 16:33:16.574, 94 %, 27997 MiB, 410.80 W, 68, 2842 MHz, 13801 MHz
2026/09/06 16:33:16.824, 94 %, 27997 MiB, 410.80 W, 68, 2842 MHz, 13801 MHz
2026/09/06 16:33:17.074, 94 %, 27997 MiB, 410.92 W, 68, 2812 MHz, 13801 MHz
2026/09/06 16:33:17.325, 94 %, 27997 MiB, 410.92 W, 68, 2812 MHz, 13801 MHz
2026/09/06 16:33:17.575, 94 %, 27997 MiB, 410.83 W, 68, 2820 MHz, 13801 MHz
2026/09/06 16:33:17.825, 94 %, 27997 MiB, 410.83 W, 68, 2820 MHz, 13801 MHz
2026/09/06 16:33:18.076, 94 %, 27997 MiB, 410.39 W, 68, 2812 MHz, 13801 MHz
2026/09/06 16:33:18.326, 94 %, 27997 MiB, 410.39 W, 68, 2812 MHz, 13801 MHz
2026/09/06 16:33:18.576, 95 %, 27997 MiB, 410.40 W, 68, 2812 MHz, 13801 MHz
2026/09/06 16:33:18.826, 95 %, 27997 MiB, 410.40 W, 68, 2812 MHz, 13801 MHz
2026/09/06 16:33:19.077, 95 %, 27997 MiB, 410.93 W, 68, 2812 MHz, 13801 MHz
2026/09/06 16:33:19.327, 95 %, 27997 MiB, 410.93 W, 68, 2812 MHz, 13801 MHz
2026/09/06 16:33:19.577, 95 %, 27997 MiB, 410.75 W, 68, 2812 MHz, 13801 MHz
2026/09/06 16:33:19.827, 95 %, 27997 MiB, 410.75 W, 68, 2812 MHz, 13801 MHz
2026/09/06 16:33:20.077, 95 %, 27997 MiB, 410.87 W, 68, 2812 MHz, 13801 MHz
2026/09/06 16:33:20.328, 95 %, 27997 MiB, 410.87 W, 68, 2812 MHz, 13801 MHz
2026/09/06 16:33:20.578, 94 %, 27997 MiB, 411.52 W, 68, 2812 MHz, 13801 MHz
2026/09/06 16:33:20.828, 94 %, 27997 MiB, 411.52 W, 68, 2812 MHz, 13801 MHz
2026/09/06 16:33:21.078, 94 %, 27997 MiB, 411.71 W, 68, 2812 MHz, 13801 MHz
2026/09/06 16:33:21.331, 94 %, 27997 MiB, 411.71 W, 68, 2812 MHz, 13801 MHz
2026/09/06 16:33:21.581, 95 %, 27997 MiB, 411.50 W, 68, 2812 MHz, 13801 MHz
2026/09/06 16:33:21.831, 95 %, 27997 MiB, 411.50 W, 68, 2812 MHz, 13801 MHz
2026/09/06 16:33:22.082, 95 %, 27997 MiB, 409.32 W, 68, 2812 MHz, 13801 MHz
2026/09/06 16:33:22.332, 95 %, 27997 MiB, 409.32 W, 68, 2812 MHz, 13801 MHz
2026/09/06 16:33:22.582, 95 %, 27997 MiB, 409.28 W, 68, 2812 MHz, 13801 MHz
2026/09/06 16:33:22.832, 95 %, 27997 MiB, 409.28 W, 68, 2812 MHz, 13801 MHz
2026/09/06 16:33:23.083, 95 %, 27997 MiB, 411.33 W, 68, 2812 MHz, 13801 MHz
2026/09/06 16:33:23.333, 95 %, 27997 MiB, 411.33 W, 68, 2812 MHz, 13801 MHz
2026/09/06 16:33:23.584, 95 %, 27997 MiB, 411.39 W, 68, 2812 MHz, 13801 MHz
2026/09/06 16:33:23.834, 95 %, 27997 MiB, 411.39 W, 68, 2812 MHz, 13801 MHz
2026/09/06 16:33:24.084, 95 %, 27997 MiB, 411.29 W, 68, 2820 MHz, 13801 MHz
2026/09/06 16:33:24.334, 95 %, 27997 MiB, 411.29 W, 68, 2820 MHz, 13801 MHz
2026/09/06 16:33:24.585, 95 %, 27997 MiB, 410.81 W, 68, 2812 MHz, 13801 MHz
2026/09/06 16:33:24.835, 95 %, 27997 MiB, 410.81 W, 68, 2812 MHz, 13801 MHz
2026/09/06 16:33:25.085, 95 %, 27997 MiB, 410.48 W, 68, 2812 MHz, 13801 MHz
2026/09/06 16:33:25.335, 95 %, 27997 MiB, 410.48 W, 68, 2812 MHz, 13801 MHz
2026/09/06 16:33:25.586, 95 %, 27997 MiB, 409.58 W, 68, 2820 MHz, 13801 MHz
2026/09/06 16:33:25.836, 95 %, 27997 MiB, 409.58 W, 68, 2820 MHz, 13801 MHz
2026/09/06 16:33:26.086, 95 %, 27997 MiB, 409.51 W, 68, 2812 MHz, 13801 MHz
2026/09/06 16:33:26.337, 95 %, 27997 MiB, 409.51 W, 68, 2812 MHz, 13801 MHz
2026/09/06 16:33:26.587, 94 %, 27997 MiB, 411.10 W, 68, 2820 MHz, 13801 MHz
2026/09/06 16:33:26.837, 94 %, 27997 MiB, 411.10 W, 68, 2820 MHz, 13801 MHz
2026/09/06 16:33:27.087, 94 %, 27997 MiB, 411.39 W, 68, 2820 MHz, 13801 MHz
2026/09/06 16:33:27.338, 94 %, 27997 MiB, 411.39 W, 68, 2820 MHz, 13801 MHz
2026/09/06 16:33:27.588, 95 %, 27997 MiB, 411.39 W, 68, 2820 MHz, 13801 MHz
2026/09/06 16:33:27.838, 95 %, 27997 MiB, 411.39 W, 68, 2820 MHz, 13801 MHz
2026/09/06 16:33:28.088, 95 %, 27997 MiB, 411.59 W, 68, 2812 MHz, 13801 MHz
2026/09/06 16:33:28.338, 95 %, 27997 MiB, 411.59 W, 68, 2812 MHz, 13801 MHz
2026/09/06 16:33:28.589, 94 %, 27997 MiB, 411.77 W, 68, 2812 MHz, 13801 MHz
2026/09/06 16:33:28.839, 94 %, 27997 MiB, 411.77 W, 68, 2812 MHz, 13801 MHz
2026/09/06 16:33:29.089, 94 %, 27997 MiB, 411.55 W, 68, 2820 MHz, 13801 MHz
2026/09/06 16:33:29.339, 94 %, 27997 MiB, 411.55 W, 68, 2820 MHz, 13801 MHz
2026/09/06 16:33:29.590, 94 %, 27997 MiB, 411.87 W, 68, 2812 MHz, 13801 MHz
2026/09/06 16:33:29.840, 94 %, 27997 MiB, 411.87 W, 68, 2812 MHz, 13801 MHz
2026/09/06 16:33:30.090, 94 %, 27997 MiB, 412.25 W, 69, 2842 MHz, 13801 MHz
2026/09/06 16:33:30.340, 94 %, 27997 MiB, 412.25 W, 69, 2842 MHz, 13801 MHz
2026/09/06 16:33:30.591, 95 %, 27997 MiB, 410.61 W, 69, 2842 MHz, 13801 MHz
2026/09/06 16:33:30.841, 95 %, 27997 MiB, 410.61 W, 69, 2842 MHz, 13801 MHz
2026/09/06 16:33:31.091, 95 %, 27997 MiB, 410.79 W, 68, 2842 MHz, 13801 MHz
2026/09/06 16:33:31.342, 95 %, 27997 MiB, 410.79 W, 68, 2842 MHz, 13801 MHz
2026/09/06 16:33:31.592, 95 %, 27997 MiB, 413.24 W, 69, 2842 MHz, 13801 MHz
2026/09/06 16:33:31.842, 95 %, 27997 MiB, 413.24 W, 69, 2842 MHz, 13801 MHz
2026/09/06 16:33:32.092, 95 %, 27997 MiB, 413.41 W, 68, 2842 MHz, 13801 MHz
2026/09/06 16:33:32.342, 95 %, 27997 MiB, 413.41 W, 68, 2842 MHz, 13801 MHz
2026/09/06 16:33:32.593, 95 %, 27997 MiB, 413.39 W, 69, 2842 MHz, 13801 MHz
2026/09/06 16:33:32.843, 95 %, 27997 MiB, 413.39 W, 69, 2842 MHz, 13801 MHz
2026/09/06 16:33:33.093, 95 %, 27997 MiB, 413.53 W, 68, 2842 MHz, 13801 MHz
2026/09/06 16:33:33.343, 95 %, 27997 MiB, 413.53 W, 68, 2842 MHz, 13801 MHz
2026/09/06 16:33:33.594, 95 %, 27997 MiB, 413.04 W, 69, 2842 MHz, 13801 MHz
2026/09/06 16:33:33.844, 95 %, 27997 MiB, 413.04 W, 69, 2842 MHz, 13801 MHz
2026/09/06 16:33:34.094, 95 %, 27997 MiB, 413.04 W, 68, 2842 MHz, 13801 MHz
2026/09/06 16:33:34.345, 95 %, 27997 MiB, 413.04 W, 68, 2842 MHz, 13801 MHz
2026/09/06 16:33:34.595, 95 %, 27997 MiB, 413.60 W, 68, 2842 MHz, 13801 MHz
2026/09/06 16:33:34.845, 95 %, 27997 MiB, 413.60 W, 68, 2842 MHz, 13801 MHz
2026/09/06 16:33:35.095, 95 %, 27997 MiB, 413.58 W, 68, 2842 MHz, 13801 MHz
2026/09/06 16:33:35.346, 95 %, 27997 MiB, 413.58 W, 68, 2842 MHz, 13801 MHz
2026/09/06 16:33:35.596, 95 %, 27997 MiB, 413.14 W, 68, 2842 MHz, 13801 MHz
2026/09/06 16:33:35.846, 95 %, 27997 MiB, 413.14 W, 68, 2842 MHz, 13801 MHz
2026/09/06 16:33:36.097, 95 %, 27997 MiB, 413.63 W, 68, 2842 MHz, 13801 MHz
2026/09/06 16:33:36.347, 95 %, 27997 MiB, 413.63 W, 68, 2842 MHz, 13801 MHz
2026/09/06 16:33:36.597, 95 %, 27997 MiB, 413.42 W, 68, 2842 MHz, 13801 MHz
2026/09/06 16:33:36.848, 95 %, 27997 MiB, 413.42 W, 68, 2842 MHz, 13801 MHz
2026/09/06 16:33:37.098, 95 %, 27997 MiB, 413.18 W, 69, 2842 MHz, 13801 MHz
2026/09/06 16:33:37.349, 95 %, 27997 MiB, 413.18 W, 69, 2842 MHz, 13801 MHz
2026/09/06 16:33:37.599, 95 %, 27997 MiB, 413.17 W, 68, 2842 MHz, 13801 MHz
2026/09/06 16:33:37.849, 95 %, 27997 MiB, 413.17 W, 68, 2842 MHz, 13801 MHz
2026/09/06 16:33:38.100, 95 %, 27997 MiB, 413.10 W, 68, 2842 MHz, 13801 MHz
2026/09/06 16:33:38.350, 95 %, 27997 MiB, 413.10 W, 68, 2842 MHz, 13801 MHz
2026/09/06 16:33:38.601, 95 %, 27997 MiB, 413.22 W, 68, 2842 MHz, 13801 MHz
2026/09/06 16:33:38.851, 95 %, 27997 MiB, 413.22 W, 68, 2842 MHz, 13801 MHz
2026/09/06 16:33:39.102, 95 %, 27997 MiB, 413.48 W, 68, 2842 MHz, 13801 MHz
2026/09/06 16:33:39.352, 95 %, 27997 MiB, 413.48 W, 68, 2842 MHz, 13801 MHz
2026/09/06 16:33:39.602, 94 %, 27997 MiB, 414.02 W, 68, 2842 MHz, 13801 MHz
2026/09/06 16:33:39.853, 94 %, 27997 MiB, 414.02 W, 68, 2842 MHz, 13801 MHz
2026/09/06 16:33:40.103, 94 %, 27997 MiB, 413.56 W, 69, 2842 MHz, 13801 MHz
2026/09/06 16:33:40.354, 94 %, 27997 MiB, 413.56 W, 69, 2842 MHz, 13801 MHz
2026/09/06 16:33:40.604, 94 %, 27997 MiB, 413.48 W, 68, 2842 MHz, 13801 MHz
2026/09/06 16:33:40.854, 94 %, 27997 MiB, 413.48 W, 68, 2842 MHz, 13801 MHz
2026/09/06 16:33:41.105, 94 %, 27997 MiB, 413.70 W, 69, 2842 MHz, 13801 MHz
2026/09/06 16:33:41.355, 94 %, 27997 MiB, 413.70 W, 69, 2842 MHz, 13801 MHz
2026/09/06 16:33:41.606, 94 %, 27997 MiB, 413.77 W, 68, 2842 MHz, 13801 MHz
2026/09/06 16:33:41.856, 94 %, 27997 MiB, 413.77 W, 68, 2842 MHz, 13801 MHz
2026/09/06 16:33:42.107, 94 %, 27997 MiB, 413.71 W, 69, 2842 MHz, 13801 MHz
2026/09/06 16:33:42.357, 94 %, 27997 MiB, 413.71 W, 69, 2842 MHz, 13801 MHz
2026/09/06 16:33:42.607, 94 %, 27997 MiB, 413.53 W, 68, 2842 MHz, 13801 MHz
2026/09/06 16:33:42.857, 94 %, 27997 MiB, 413.53 W, 68, 2842 MHz, 13801 MHz
2026/09/06 16:33:43.108, 94 %, 27997 MiB, 413.44 W, 69, 2842 MHz, 13801 MHz
2026/09/06 16:33:43.358, 94 %, 27997 MiB, 413.44 W, 69, 2842 MHz, 13801 MHz
2026/09/06 16:33:43.609, 94 %, 27997 MiB, 413.56 W, 68, 2842 MHz, 13801 MHz
2026/09/06 16:33:43.859, 94 %, 27997 MiB, 413.56 W, 68, 2842 MHz, 13801 MHz
2026/09/06 16:33:44.109, 94 %, 27997 MiB, 413.42 W, 68, 2842 MHz, 13801 MHz
2026/09/06 16:33:44.360, 94 %, 27997 MiB, 413.42 W, 68, 2842 MHz, 13801 MHz
2026/09/06 16:33:44.610, 94 %, 27997 MiB, 413.20 W, 68, 2842 MHz, 13801 MHz
2026/09/06 16:33:44.860, 94 %, 27997 MiB, 413.20 W, 68, 2842 MHz, 13801 MHz
2026/09/06 16:33:45.110, 94 %, 27997 MiB, 412.99 W, 68, 2842 MHz, 13801 MHz
2026/09/06 16:33:45.360, 94 %, 27997 MiB, 412.99 W, 68, 2842 MHz, 13801 MHz
2026/09/06 16:33:45.611, 94 %, 27997 MiB, 413.17 W, 68, 2842 MHz, 13801 MHz
2026/09/06 16:33:45.861, 94 %, 27997 MiB, 413.17 W, 68, 2842 MHz, 13801 MHz
2026/09/06 16:33:46.111, 94 %, 27997 MiB, 413.15 W, 69, 2842 MHz, 13801 MHz
2026/09/06 16:33:46.361, 94 %, 27997 MiB, 413.15 W, 69, 2842 MHz, 13801 MHz
2026/09/06 16:33:46.612, 95 %, 27997 MiB, 413.44 W, 69, 2842 MHz, 13801 MHz
2026/09/06 16:33:46.862, 95 %, 27997 MiB, 413.44 W, 69, 2842 MHz, 13801 MHz
2026/09/06 16:33:47.112, 95 %, 27997 MiB, 413.53 W, 69, 2842 MHz, 13801 MHz
2026/09/06 16:33:47.362, 95 %, 27997 MiB, 413.53 W, 69, 2842 MHz, 13801 MHz
2026/09/06 16:33:47.613, 95 %, 27997 MiB, 413.35 W, 69, 2842 MHz, 13801 MHz
2026/09/06 16:33:47.863, 95 %, 27997 MiB, 413.35 W, 69, 2842 MHz, 13801 MHz
2026/09/06 16:33:48.113, 95 %, 27997 MiB, 413.18 W, 69, 2842 MHz, 13801 MHz
2026/09/06 16:33:48.363, 95 %, 27997 MiB, 413.18 W, 69, 2842 MHz, 13801 MHz
2026/09/06 16:33:48.613, 95 %, 27997 MiB, 413.66 W, 69, 2842 MHz, 13801 MHz
2026/09/06 16:33:48.864, 95 %, 27997 MiB, 413.66 W, 69, 2842 MHz, 13801 MHz
2026/09/06 16:33:49.114, 95 %, 27997 MiB, 413.95 W, 69, 2842 MHz, 13801 MHz
2026/09/06 16:33:49.364, 95 %, 27997 MiB, 413.95 W, 69, 2842 MHz, 13801 MHz
2026/09/06 16:33:49.614, 95 %, 27999 MiB, 413.80 W, 69, 2842 MHz, 13801 MHz
2026/09/06 16:33:49.865, 95 %, 27999 MiB, 413.80 W, 69, 2842 MHz, 13801 MHz
2026/09/06 16:33:50.115, 95 %, 27999 MiB, 278.53 W, 62, 2857 MHz, 13801 MHz
2026/09/06 16:33:50.365, 95 %, 27999 MiB, 278.53 W, 62, 2857 MHz, 13801 MHz
2026/09/06 16:33:50.616, 0 %, 27999 MiB, 138.90 W, 62, 2857 MHz, 13801 MHz
2026/09/06 16:33:50.866, 0 %, 27999 MiB, 138.90 W, 62, 2857 MHz, 13801 MHz
2026/09/06 16:33:51.116, 0 %, 27999 MiB, 106.05 W, 61, 2872 MHz, 13801 MHz
2026/09/06 16:33:51.367, 0 %, 27999 MiB, 106.05 W, 61, 2872 MHz, 13801 MHz
2026/09/06 16:33:51.617, 0 %, 27999 MiB, 102.93 W, 60, 2722 MHz, 13801 MHz
2026/09/06 16:33:51.868, 0 %, 27999 MiB, 102.93 W, 60, 2722 MHz, 13801 MHz
2026/09/06 16:33:52.118, 0 %, 27999 MiB, 90.16 W, 60, 2400 MHz, 13801 MHz
2026/09/06 16:33:52.368, 0 %, 27999 MiB, 90.16 W, 60, 2400 MHz, 13801 MHz
2026/09/06 16:33:52.618, 0 %, 27999 MiB, 77.37 W, 59, 2400 MHz, 13801 MHz
2026/09/06 16:33:52.868, 0 %, 27999 MiB, 77.37 W, 59, 2400 MHz, 13801 MHz
2026/09/06 16:33:53.119, 0 %, 27999 MiB, 77.49 W, 59, 2400 MHz, 13801 MHz
